APP 2025/09/09 16:59:59 kafka_service.go:332: kafka-go: entering loop for consumer group, golang-fix-service
APP 2025/09/09 16:59:59 kafka_service.go:153: kafka: starting consumer brokers=[localhost:9092] group=golang-fix-service topic=new_orders
[GIN-debug] [WARNING] Creating an Engine instance with the Logger and Recovery middleware already attached.

[GIN-debug] [WARNING] Running in "debug" mode. Switch to "release" mode in production.
 - using env:	export GIN_MODE=release
 - using code:	gin.SetMode(gin.ReleaseMode)

[GIN-debug] GET    /instruments              --> golang_rest_service/components.InstrumentService.func1 (3 handlers)
[GIN-debug] POST   /market_data              --> golang_rest_service/components.MarketDataService.func1 (3 handlers)
[GIN-debug] POST   /submit_order             --> golang_rest_service/components.SubmitOrderService.func1 (3 handlers)
[GIN-debug] POST   /cancel_order             --> golang_rest_service/components.CancelOrderService.func1 (3 handlers)
[GIN-debug] POST   /investor_orders          --> golang_rest_service/components.InvestorOrdersService.func1 (3 handlers)
[GIN-debug] POST   /order_status_request     --> golang_rest_service/components.InvestorOrderStatusService.func1 (3 handlers)
[GIN-debug] [WARNING] You trusted all proxies, this is NOT safe. We recommend you to set a value.
Please check https://pkg.go.dev/github.com/gin-gonic/gin#readme-don-t-trust-all-proxies for details.
[GIN-debug] Listening and serving HTTP on :28100
APP 2025/09/09 16:59:59 kafka_service.go:332: kafka-go: Unable to establish connection to consumer group coordinator for group golang-fix-service: failed to dial: failed to open connection to localhost:9092: dial tcp [::1]:9092: connect: connection refused
APP 2025/09/09 16:59:59 kafka_service.go:332: kafka-go: failed to dial: failed to open connection to localhost:9092: dial tcp [::1]:9092: connect: connection refused
APP 2025/09/09 16:59:59 kafka_service.go:167: kafka: metadata dial failed broker=localhost:9092 err=failed to dial: failed to open connection to localhost:9092: dial tcp [::1]:9092: connect: connection refused
APP 2025/09/09 17:00:04 kafka_service.go:193: kafka: consumer stats: {Dials:0 Fetches:0 Messages:0 Bytes:0 Rebalances:0 Timeouts:0 Errors:1 DialTime:{Avg:0s Min:0s Max:0s Count:0 Sum:0s} ReadTime:{Avg:0s Min:0s Max:0s Count:0 Sum:0s} WaitTime:{Avg:0s Min:0s Max:0s Count:0 Sum:0s} FetchSize:{Avg:0 Min:0 Max:0 Count:0 Sum:0} FetchBytes:{Avg:0 Min:0 Max:0 Count:0 Sum:0} Offset:0 Lag:0 MinBytes:1 MaxBytes:10000000 MaxWait:250ms QueueLength:0 QueueCapacity:100 ClientID: Topic:new_orders Partition:-1 DeprecatedFetchesWithTypo:0}
APP 2025/09/09 17:00:04 kafka_service.go:196: kafka: no group assignment yet (partition=-1). Falling back to direct partition readers from latest.
APP 2025/09/09 17:00:04 kafka_service.go:198: kafka: fallback to direct readers failed: dial broker: failed to dial: failed to open connection to localhost:9092: dial tcp [::1]:9092: connect: connection refused
APP 2025/09/09 17:00:04 kafka_service.go:332: kafka-go: Unable to establish connection to consumer group coordinator for group golang-fix-service: failed to dial: failed to open connection to localhost:9092: dial tcp [::1]:9092: connect: connection refused
APP 2025/09/09 17:00:04 kafka_service.go:332: kafka-go: failed to dial: failed to open connection to localhost:9092: dial tcp [::1]:9092: connect: connection refused
APP 2025/09/09 17:00:09 kafka_service.go:193: kafka: consumer stats: {Dials:0 Fetches:0 Messages:0 Bytes:0 Rebalances:0 Timeouts:0 Errors:1 DialTime:{Avg:0s Min:0s Max:0s Count:0 Sum:0s} ReadTime:{Avg:0s Min:0s Max:0s Count:0 Sum:0s} WaitTime:{Avg:0s Min:0s Max:0s Count:0 Sum:0s} FetchSize:{Avg:0 Min:0 Max:0 Count:0 Sum:0} FetchBytes:{Avg:0 Min:0 Max:0 Count:0 Sum:0} Offset:0 Lag:0 MinBytes:1 MaxBytes:10000000 MaxWait:250ms QueueLength:0 QueueCapacity:100 ClientID: Topic:new_orders Partition:-1 DeprecatedFetchesWithTypo:0}
APP 2025/09/09 17:00:09 kafka_service.go:196: kafka: no group assignment yet (partition=-1). Falling back to direct partition readers from latest.
APP 2025/09/09 17:00:09 kafka_service.go:198: kafka: fallback to direct readers failed: dial broker: failed to dial: failed to open connection to localhost:9092: dial tcp [::1]:9092: connect: connection refused
APP 2025/09/09 17:00:09 kafka_service.go:332: kafka-go: Unable to establish connection to consumer group coordinator for group golang-fix-service: failed to dial: failed to open connection to localhost:9092: dial tcp [::1]:9092: connect: connection refused
APP 2025/09/09 17:00:09 kafka_service.go:332: kafka-go: failed to dial: failed to open connection to localhost:9092: dial tcp [::1]:9092: connect: connection refused
APP 2025/09/09 17:00:09 kafka_service.go:224: kafka: read error: fetching message: failed to dial: failed to open connection to localhost:9092: dial tcp [::1]:9092: connect: connection refused
APP 2025/09/09 17:00:14 kafka_service.go:193: kafka: consumer stats: {Dials:0 Fetches:0 Messages:0 Bytes:0 Rebalances:0 Timeouts:0 Errors:1 DialTime:{Avg:0s Min:0s Max:0s Count:0 Sum:0s} ReadTime:{Avg:0s Min:0s Max:0s Count:0 Sum:0s} WaitTime:{Avg:0s Min:0s Max:0s Count:0 Sum:0s} FetchSize:{Avg:0 Min:0 Max:0 Count:0 Sum:0} FetchBytes:{Avg:0 Min:0 Max:0 Count:0 Sum:0} Offset:0 Lag:0 MinBytes:1 MaxBytes:10000000 MaxWait:250ms QueueLength:0 QueueCapacity:100 ClientID: Topic:new_orders Partition:-1 DeprecatedFetchesWithTypo:0}
APP 2025/09/09 17:00:14 kafka_service.go:196: kafka: no group assignment yet (partition=-1). Falling back to direct partition readers from latest.
APP 2025/09/09 17:00:14 kafka_service.go:198: kafka: fallback to direct readers failed: dial broker: failed to dial: failed to open connection to localhost:9092: dial tcp [::1]:9092: connect: connection refused
APP 2025/09/09 17:00:14 kafka_service.go:332: kafka-go: Unable to establish connection to consumer group coordinator for group golang-fix-service: failed to dial: failed to open connection to localhost:9092: dial tcp [::1]:9092: connect: connection refused
APP 2025/09/09 17:00:14 kafka_service.go:332: kafka-go: failed to dial: failed to open connection to localhost:9092: dial tcp [::1]:9092: connect: connection refused
APP 2025/09/09 17:00:19 kafka_service.go:193: kafka: consumer stats: {Dials:0 Fetches:0 Messages:0 Bytes:0 Rebalances:0 Timeouts:0 Errors:1 DialTime:{Avg:0s Min:0s Max:0s Count:0 Sum:0s} ReadTime:{Avg:0s Min:0s Max:0s Count:0 Sum:0s} WaitTime:{Avg:0s Min:0s Max:0s Count:0 Sum:0s} FetchSize:{Avg:0 Min:0 Max:0 Count:0 Sum:0} FetchBytes:{Avg:0 Min:0 Max:0 Count:0 Sum:0} Offset:0 Lag:0 MinBytes:1 MaxBytes:10000000 MaxWait:250ms QueueLength:0 QueueCapacity:100 ClientID: Topic:new_orders Partition:-1 DeprecatedFetchesWithTypo:0}
APP 2025/09/09 17:00:19 kafka_service.go:196: kafka: no group assignment yet (partition=-1). Falling back to direct partition readers from latest.
APP 2025/09/09 17:00:19 kafka_service.go:198: kafka: fallback to direct readers failed: dial broker: failed to dial: failed to open connection to localhost:9092: dial tcp [::1]:9092: connect: connection refused
APP 2025/09/09 17:00:19 kafka_service.go:332: kafka-go: Unable to establish connection to consumer group coordinator for group golang-fix-service: failed to dial: failed to open connection to localhost:9092: dial tcp [::1]:9092: connect: connection refused
APP 2025/09/09 17:00:19 kafka_service.go:332: kafka-go: failed to dial: failed to open connection to localhost:9092: dial tcp [::1]:9092: connect: connection refused
APP 2025/09/09 17:00:24 kafka_service.go:193: kafka: consumer stats: {Dials:0 Fetches:0 Messages:0 Bytes:0 Rebalances:0 Timeouts:0 Errors:1 DialTime:{Avg:0s Min:0s Max:0s Count:0 Sum:0s} ReadTime:{Avg:0s Min:0s Max:0s Count:0 Sum:0s} WaitTime:{Avg:0s Min:0s Max:0s Count:0 Sum:0s} FetchSize:{Avg:0 Min:0 Max:0 Count:0 Sum:0} FetchBytes:{Avg:0 Min:0 Max:0 Count:0 Sum:0} Offset:0 Lag:0 MinBytes:1 MaxBytes:10000000 MaxWait:250ms QueueLength:0 QueueCapacity:100 ClientID: Topic:new_orders Partition:-1 DeprecatedFetchesWithTypo:0}
APP 2025/09/09 17:00:24 kafka_service.go:196: kafka: no group assignment yet (partition=-1). Falling back to direct partition readers from latest.
APP 2025/09/09 17:00:24 kafka_service.go:198: kafka: fallback to direct readers failed: dial broker: failed to dial: failed to open connection to localhost:9092: dial tcp [::1]:9092: connect: connection refused
APP 2025/09/09 17:00:24 kafka_service.go:332: kafka-go: Unable to establish connection to consumer group coordinator for group golang-fix-service: failed to dial: failed to open connection to localhost:9092: dial tcp [::1]:9092: connect: connection refused
APP 2025/09/09 17:00:24 kafka_service.go:332: kafka-go: failed to dial: failed to open connection to localhost:9092: dial tcp [::1]:9092: connect: connection refused
APP 2025/09/09 17:00:24 kafka_service.go:224: kafka: read error: fetching message: failed to dial: failed to open connection to localhost:9092: dial tcp [::1]:9092: connect: connection refused
APP 2025/09/09 17:00:29 kafka_service.go:193: kafka: consumer stats: {Dials:0 Fetches:0 Messages:0 Bytes:0 Rebalances:0 Timeouts:0 Errors:1 DialTime:{Avg:0s Min:0s Max:0s Count:0 Sum:0s} ReadTime:{Avg:0s Min:0s Max:0s Count:0 Sum:0s} WaitTime:{Avg:0s Min:0s Max:0s Count:0 Sum:0s} FetchSize:{Avg:0 Min:0 Max:0 Count:0 Sum:0} FetchBytes:{Avg:0 Min:0 Max:0 Count:0 Sum:0} Offset:0 Lag:0 MinBytes:1 MaxBytes:10000000 MaxWait:250ms QueueLength:0 QueueCapacity:100 ClientID: Topic:new_orders Partition:-1 DeprecatedFetchesWithTypo:0}
APP 2025/09/09 17:00:29 kafka_service.go:196: kafka: no group assignment yet (partition=-1). Falling back to direct partition readers from latest.
APP 2025/09/09 17:00:29 kafka_service.go:198: kafka: fallback to direct readers failed: dial broker: failed to dial: failed to open connection to localhost:9092: dial tcp [::1]:9092: connect: connection refused
APP 2025/09/09 17:00:29 kafka_service.go:332: kafka-go: Unable to establish connection to consumer group coordinator for group golang-fix-service: failed to dial: failed to open connection to localhost:9092: dial tcp [::1]:9092: connect: connection refused
APP 2025/09/09 17:00:29 kafka_service.go:332: kafka-go: failed to dial: failed to open connection to localhost:9092: dial tcp [::1]:9092: connect: connection refused
APP 2025/09/09 17:00:34 kafka_service.go:193: kafka: consumer stats: {Dials:0 Fetches:0 Messages:0 Bytes:0 Rebalances:0 Timeouts:0 Errors:1 DialTime:{Avg:0s Min:0s Max:0s Count:0 Sum:0s} ReadTime:{Avg:0s Min:0s Max:0s Count:0 Sum:0s} WaitTime:{Avg:0s Min:0s Max:0s Count:0 Sum:0s} FetchSize:{Avg:0 Min:0 Max:0 Count:0 Sum:0} FetchBytes:{Avg:0 Min:0 Max:0 Count:0 Sum:0} Offset:0 Lag:0 MinBytes:1 MaxBytes:10000000 MaxWait:250ms QueueLength:0 QueueCapacity:100 ClientID: Topic:new_orders Partition:-1 DeprecatedFetchesWithTypo:0}
APP 2025/09/09 17:00:34 kafka_service.go:196: kafka: no group assignment yet (partition=-1). Falling back to direct partition readers from latest.
APP 2025/09/09 17:00:34 kafka_service.go:198: kafka: fallback to direct readers failed: dial broker: failed to dial: failed to open connection to localhost:9092: dial tcp [::1]:9092: connect: connection refused
APP 2025/09/09 17:00:34 kafka_service.go:332: kafka-go: Unable to establish connection to consumer group coordinator for group golang-fix-service: failed to dial: failed to open connection to localhost:9092: dial tcp [::1]:9092: connect: connection refused
APP 2025/09/09 17:00:34 kafka_service.go:332: kafka-go: failed to dial: failed to open connection to localhost:9092: dial tcp [::1]:9092: connect: connection refused
APP 2025/09/09 17:00:39 kafka_service.go:193: kafka: consumer stats: {Dials:0 Fetches:0 Messages:0 Bytes:0 Rebalances:0 Timeouts:0 Errors:1 DialTime:{Avg:0s Min:0s Max:0s Count:0 Sum:0s} ReadTime:{Avg:0s Min:0s Max:0s Count:0 Sum:0s} WaitTime:{Avg:0s Min:0s Max:0s Count:0 Sum:0s} FetchSize:{Avg:0 Min:0 Max:0 Count:0 Sum:0} FetchBytes:{Avg:0 Min:0 Max:0 Count:0 Sum:0} Offset:0 Lag:0 MinBytes:1 MaxBytes:10000000 MaxWait:250ms QueueLength:0 QueueCapacity:100 ClientID: Topic:new_orders Partition:-1 DeprecatedFetchesWithTypo:0}
APP 2025/09/09 17:00:39 kafka_service.go:196: kafka: no group assignment yet (partition=-1). Falling back to direct partition readers from latest.
APP 2025/09/09 17:00:39 kafka_service.go:198: kafka: fallback to direct readers failed: dial broker: failed to dial: failed to open connection to localhost:9092: dial tcp [::1]:9092: connect: connection refused
APP 2025/09/09 17:00:39 kafka_service.go:332: kafka-go: Unable to establish connection to consumer group coordinator for group golang-fix-service: failed to dial: failed to open connection to localhost:9092: dial tcp [::1]:9092: connect: connection refused
APP 2025/09/09 17:00:39 kafka_service.go:332: kafka-go: failed to dial: failed to open connection to localhost:9092: dial tcp [::1]:9092: connect: connection refused
APP 2025/09/09 17:00:39 kafka_service.go:224: kafka: read error: fetching message: failed to dial: failed to open connection to localhost:9092: dial tcp [::1]:9092: connect: connection refused
APP 2025/09/09 17:00:44 kafka_service.go:193: kafka: consumer stats: {Dials:0 Fetches:0 Messages:0 Bytes:0 Rebalances:0 Timeouts:0 Errors:1 DialTime:{Avg:0s Min:0s Max:0s Count:0 Sum:0s} ReadTime:{Avg:0s Min:0s Max:0s Count:0 Sum:0s} WaitTime:{Avg:0s Min:0s Max:0s Count:0 Sum:0s} FetchSize:{Avg:0 Min:0 Max:0 Count:0 Sum:0} FetchBytes:{Avg:0 Min:0 Max:0 Count:0 Sum:0} Offset:0 Lag:0 MinBytes:1 MaxBytes:10000000 MaxWait:250ms QueueLength:0 QueueCapacity:100 ClientID: Topic:new_orders Partition:-1 DeprecatedFetchesWithTypo:0}
APP 2025/09/09 17:00:44 kafka_service.go:196: kafka: no group assignment yet (partition=-1). Falling back to direct partition readers from latest.
APP 2025/09/09 17:00:44 kafka_service.go:198: kafka: fallback to direct readers failed: dial broker: failed to dial: failed to open connection to localhost:9092: dial tcp [::1]:9092: connect: connection refused
APP 2025/09/09 17:00:44 kafka_service.go:332: kafka-go: Unable to establish connection to consumer group coordinator for group golang-fix-service: failed to dial: failed to open connection to localhost:9092: dial tcp [::1]:9092: connect: connection refused
APP 2025/09/09 17:00:44 kafka_service.go:332: kafka-go: failed to dial: failed to open connection to localhost:9092: dial tcp [::1]:9092: connect: connection refused
APP 2025/09/09 17:00:49 kafka_service.go:193: kafka: consumer stats: {Dials:0 Fetches:0 Messages:0 Bytes:0 Rebalances:0 Timeouts:0 Errors:1 DialTime:{Avg:0s Min:0s Max:0s Count:0 Sum:0s} ReadTime:{Avg:0s Min:0s Max:0s Count:0 Sum:0s} WaitTime:{Avg:0s Min:0s Max:0s Count:0 Sum:0s} FetchSize:{Avg:0 Min:0 Max:0 Count:0 Sum:0} FetchBytes:{Avg:0 Min:0 Max:0 Count:0 Sum:0} Offset:0 Lag:0 MinBytes:1 MaxBytes:10000000 MaxWait:250ms QueueLength:0 QueueCapacity:100 ClientID: Topic:new_orders Partition:-1 DeprecatedFetchesWithTypo:0}
APP 2025/09/09 17:00:49 kafka_service.go:196: kafka: no group assignment yet (partition=-1). Falling back to direct partition readers from latest.
APP 2025/09/09 17:00:49 kafka_service.go:198: kafka: fallback to direct readers failed: dial broker: failed to dial: failed to open connection to localhost:9092: dial tcp [::1]:9092: connect: connection refused
APP 2025/09/09 17:00:49 kafka_service.go:332: kafka-go: Unable to establish connection to consumer group coordinator for group golang-fix-service: failed to dial: failed to open connection to localhost:9092: dial tcp [::1]:9092: connect: connection refused
APP 2025/09/09 17:00:49 kafka_service.go:332: kafka-go: failed to dial: failed to open connection to localhost:9092: dial tcp [::1]:9092: connect: connection refused
APP 2025/09/09 17:00:54 kafka_service.go:193: kafka: consumer stats: {Dials:0 Fetches:0 Messages:0 Bytes:0 Rebalances:0 Timeouts:0 Errors:1 DialTime:{Avg:0s Min:0s Max:0s Count:0 Sum:0s} ReadTime:{Avg:0s Min:0s Max:0s Count:0 Sum:0s} WaitTime:{Avg:0s Min:0s Max:0s Count:0 Sum:0s} FetchSize:{Avg:0 Min:0 Max:0 Count:0 Sum:0} FetchBytes:{Avg:0 Min:0 Max:0 Count:0 Sum:0} Offset:0 Lag:0 MinBytes:1 MaxBytes:10000000 MaxWait:250ms QueueLength:0 QueueCapacity:100 ClientID: Topic:new_orders Partition:-1 DeprecatedFetchesWithTypo:0}
APP 2025/09/09 17:00:54 kafka_service.go:196: kafka: no group assignment yet (partition=-1). Falling back to direct partition readers from latest.
APP 2025/09/09 17:00:54 kafka_service.go:198: kafka: fallback to direct readers failed: dial broker: failed to dial: failed to open connection to localhost:9092: dial tcp [::1]:9092: connect: connection refused
APP 2025/09/09 17:00:54 kafka_service.go:332: kafka-go: Unable to establish connection to consumer group coordinator for group golang-fix-service: failed to dial: failed to open connection to localhost:9092: dial tcp [::1]:9092: connect: connection refused
APP 2025/09/09 17:00:54 kafka_service.go:332: kafka-go: failed to dial: failed to open connection to localhost:9092: dial tcp [::1]:9092: connect: connection refused
APP 2025/09/09 17:00:54 kafka_service.go:224: kafka: read error: fetching message: failed to dial: failed to open connection to localhost:9092: dial tcp [::1]:9092: connect: connection refused
APP 2025/09/09 17:00:59 kafka_service.go:193: kafka: consumer stats: {Dials:0 Fetches:0 Messages:0 Bytes:0 Rebalances:0 Timeouts:0 Errors:1 DialTime:{Avg:0s Min:0s Max:0s Count:0 Sum:0s} ReadTime:{Avg:0s Min:0s Max:0s Count:0 Sum:0s} WaitTime:{Avg:0s Min:0s Max:0s Count:0 Sum:0s} FetchSize:{Avg:0 Min:0 Max:0 Count:0 Sum:0} FetchBytes:{Avg:0 Min:0 Max:0 Count:0 Sum:0} Offset:0 Lag:0 MinBytes:1 MaxBytes:10000000 MaxWait:250ms QueueLength:0 QueueCapacity:100 ClientID: Topic:new_orders Partition:-1 DeprecatedFetchesWithTypo:0}
APP 2025/09/09 17:00:59 kafka_service.go:196: kafka: no group assignment yet (partition=-1). Falling back to direct partition readers from latest.
APP 2025/09/09 17:00:59 kafka_service.go:198: kafka: fallback to direct readers failed: dial broker: failed to dial: failed to open connection to localhost:9092: dial tcp [::1]:9092: connect: connection refused
APP 2025/09/09 17:00:59 kafka_service.go:332: kafka-go: Unable to establish connection to consumer group coordinator for group golang-fix-service: failed to dial: failed to open connection to localhost:9092: dial tcp [::1]:9092: connect: connection refused
APP 2025/09/09 17:00:59 kafka_service.go:332: kafka-go: failed to dial: failed to open connection to localhost:9092: dial tcp [::1]:9092: connect: connection refused
APP 2025/09/09 17:01:04 kafka_service.go:193: kafka: consumer stats: {Dials:0 Fetches:0 Messages:0 Bytes:0 Rebalances:0 Timeouts:0 Errors:1 DialTime:{Avg:0s Min:0s Max:0s Count:0 Sum:0s} ReadTime:{Avg:0s Min:0s Max:0s Count:0 Sum:0s} WaitTime:{Avg:0s Min:0s Max:0s Count:0 Sum:0s} FetchSize:{Avg:0 Min:0 Max:0 Count:0 Sum:0} FetchBytes:{Avg:0 Min:0 Max:0 Count:0 Sum:0} Offset:0 Lag:0 MinBytes:1 MaxBytes:10000000 MaxWait:250ms QueueLength:0 QueueCapacity:100 ClientID: Topic:new_orders Partition:-1 DeprecatedFetchesWithTypo:0}
APP 2025/09/09 17:01:04 kafka_service.go:196: kafka: no group assignment yet (partition=-1). Falling back to direct partition readers from latest.
APP 2025/09/09 17:01:04 kafka_service.go:198: kafka: fallback to direct readers failed: dial broker: failed to dial: failed to open connection to localhost:9092: dial tcp [::1]:9092: connect: connection refused
APP 2025/09/09 17:01:04 kafka_service.go:332: kafka-go: Unable to establish connection to consumer group coordinator for group golang-fix-service: failed to dial: failed to open connection to localhost:9092: dial tcp [::1]:9092: connect: connection refused
APP 2025/09/09 17:01:04 kafka_service.go:332: kafka-go: failed to dial: failed to open connection to localhost:9092: dial tcp [::1]:9092: connect: connection refused
APP 2025/09/09 17:01:09 kafka_service.go:193: kafka: consumer stats: {Dials:0 Fetches:0 Messages:0 Bytes:0 Rebalances:0 Timeouts:0 Errors:1 DialTime:{Avg:0s Min:0s Max:0s Count:0 Sum:0s} ReadTime:{Avg:0s Min:0s Max:0s Count:0 Sum:0s} WaitTime:{Avg:0s Min:0s Max:0s Count:0 Sum:0s} FetchSize:{Avg:0 Min:0 Max:0 Count:0 Sum:0} FetchBytes:{Avg:0 Min:0 Max:0 Count:0 Sum:0} Offset:0 Lag:0 MinBytes:1 MaxBytes:10000000 MaxWait:250ms QueueLength:0 QueueCapacity:100 ClientID: Topic:new_orders Partition:-1 DeprecatedFetchesWithTypo:0}
APP 2025/09/09 17:01:09 kafka_service.go:196: kafka: no group assignment yet (partition=-1). Falling back to direct partition readers from latest.
APP 2025/09/09 17:01:09 kafka_service.go:198: kafka: fallback to direct readers failed: read partitions: EOF
APP 2025/09/09 17:01:09 kafka_service.go:332: kafka-go: Unable to establish connection to consumer group coordinator for group golang-fix-service: EOF
APP 2025/09/09 17:01:09 kafka_service.go:332: kafka-go: EOF
APP 2025/09/09 17:01:14 kafka_service.go:193: kafka: consumer stats: {Dials:0 Fetches:0 Messages:0 Bytes:0 Rebalances:0 Timeouts:0 Errors:1 DialTime:{Avg:0s Min:0s Max:0s Count:0 Sum:0s} ReadTime:{Avg:0s Min:0s Max:0s Count:0 Sum:0s} WaitTime:{Avg:0s Min:0s Max:0s Count:0 Sum:0s} FetchSize:{Avg:0 Min:0 Max:0 Count:0 Sum:0} FetchBytes:{Avg:0 Min:0 Max:0 Count:0 Sum:0} Offset:0 Lag:0 MinBytes:1 MaxBytes:10000000 MaxWait:250ms QueueLength:0 QueueCapacity:100 ClientID: Topic:new_orders Partition:-1 DeprecatedFetchesWithTypo:0}
APP 2025/09/09 17:01:14 kafka_service.go:196: kafka: no group assignment yet (partition=-1). Falling back to direct partition readers from latest.
APP 2025/09/09 17:01:14 kafka_service.go:198: kafka: fallback to direct readers failed: read partitions: EOF
APP 2025/09/09 17:01:14 kafka_service.go:332: kafka-go: Unable to establish connection to consumer group coordinator for group golang-fix-service: EOF
APP 2025/09/09 17:01:14 kafka_service.go:332: kafka-go: EOF
APP 2025/09/09 17:01:19 kafka_service.go:193: kafka: consumer stats: {Dials:0 Fetches:0 Messages:0 Bytes:0 Rebalances:0 Timeouts:0 Errors:1 DialTime:{Avg:0s Min:0s Max:0s Count:0 Sum:0s} ReadTime:{Avg:0s Min:0s Max:0s Count:0 Sum:0s} WaitTime:{Avg:0s Min:0s Max:0s Count:0 Sum:0s} FetchSize:{Avg:0 Min:0 Max:0 Count:0 Sum:0} FetchBytes:{Avg:0 Min:0 Max:0 Count:0 Sum:0} Offset:0 Lag:0 MinBytes:1 MaxBytes:10000000 MaxWait:250ms QueueLength:0 QueueCapacity:100 ClientID: Topic:new_orders Partition:-1 DeprecatedFetchesWithTypo:0}
APP 2025/09/09 17:01:19 kafka_service.go:196: kafka: no group assignment yet (partition=-1). Falling back to direct partition readers from latest.
APP 2025/09/09 17:01:19 kafka_service.go:198: kafka: fallback to direct readers failed: read partitions: EOF
APP 2025/09/09 17:01:19 kafka_service.go:332: kafka-go: Unable to establish connection to consumer group coordinator for group golang-fix-service: EOF
APP 2025/09/09 17:01:19 kafka_service.go:332: kafka-go: EOF
APP 2025/09/09 17:01:24 kafka_service.go:193: kafka: consumer stats: {Dials:0 Fetches:0 Messages:0 Bytes:0 Rebalances:0 Timeouts:0 Errors:1 DialTime:{Avg:0s Min:0s Max:0s Count:0 Sum:0s} ReadTime:{Avg:0s Min:0s Max:0s Count:0 Sum:0s} WaitTime:{Avg:0s Min:0s Max:0s Count:0 Sum:0s} FetchSize:{Avg:0 Min:0 Max:0 Count:0 Sum:0} FetchBytes:{Avg:0 Min:0 Max:0 Count:0 Sum:0} Offset:0 Lag:0 MinBytes:1 MaxBytes:10000000 MaxWait:250ms QueueLength:0 QueueCapacity:100 ClientID: Topic:new_orders Partition:-1 DeprecatedFetchesWithTypo:0}
APP 2025/09/09 17:01:24 kafka_service.go:196: kafka: no group assignment yet (partition=-1). Falling back to direct partition readers from latest.
APP 2025/09/09 17:01:24 kafka_service.go:198: kafka: fallback to direct readers failed: read partitions: EOF
APP 2025/09/09 17:01:24 kafka_service.go:332: kafka-go: Unable to establish connection to consumer group coordinator for group golang-fix-service: EOF
APP 2025/09/09 17:01:24 kafka_service.go:332: kafka-go: EOF
APP 2025/09/09 17:01:29 kafka_service.go:193: kafka: consumer stats: {Dials:0 Fetches:0 Messages:0 Bytes:0 Rebalances:0 Timeouts:0 Errors:1 DialTime:{Avg:0s Min:0s Max:0s Count:0 Sum:0s} ReadTime:{Avg:0s Min:0s Max:0s Count:0 Sum:0s} WaitTime:{Avg:0s Min:0s Max:0s Count:0 Sum:0s} FetchSize:{Avg:0 Min:0 Max:0 Count:0 Sum:0} FetchBytes:{Avg:0 Min:0 Max:0 Count:0 Sum:0} Offset:0 Lag:0 MinBytes:1 MaxBytes:10000000 MaxWait:250ms QueueLength:0 QueueCapacity:100 ClientID: Topic:new_orders Partition:-1 DeprecatedFetchesWithTypo:0}
APP 2025/09/09 17:01:29 kafka_service.go:196: kafka: no group assignment yet (partition=-1). Falling back to direct partition readers from latest.
APP 2025/09/09 17:01:29 kafka_service.go:356: kafka: starting direct readers for topic=new_orders partitions=3
APP 2025/09/09 17:01:29 kafka_service.go:376: kafka: direct reader started partition=0 from=latest
APP 2025/09/09 17:01:29 kafka_service.go:376: kafka: direct reader started partition=1 from=latest
APP 2025/09/09 17:01:29 kafka_service.go:376: kafka: direct reader started partition=2 from=latest
APP 2025/09/09 17:01:29 kafka_service.go:332: kafka-go: initializing kafka reader for partition 0 of new_orders starting at offset first offset
APP 2025/09/09 17:01:29 kafka_service.go:332: kafka-go: initializing kafka reader for partition 1 of new_orders starting at offset first offset
APP 2025/09/09 17:01:29 kafka_service.go:332: kafka-go: initializing kafka reader for partition 2 of new_orders starting at offset first offset
APP 2025/09/09 17:01:29 kafka_service.go:332: kafka-go: looking up offset of kafka reader for partition 1 of new_orders: first offset
APP 2025/09/09 17:01:29 kafka_service.go:332: kafka-go: the kafka reader for partition 1 of new_orders is seeking to offset 0
APP 2025/09/09 17:01:29 kafka_service.go:332: kafka-go: the kafka reader for partition 2 of new_orders is seeking to offset 0
APP 2025/09/09 17:01:29 kafka_service.go:332: kafka-go: looking up offset of kafka reader for partition 0 of new_orders: first offset
APP 2025/09/09 17:01:29 kafka_service.go:332: kafka-go: looking up offset of kafka reader for partition 2 of new_orders: first offset
APP 2025/09/09 17:01:29 kafka_service.go:332: kafka-go: the kafka reader for partition 0 of new_orders is seeking to offset 0
APP 2025/09/09 17:01:38 kafka_service.go:332: kafka-go: no messages received from kafka within the allocated time for partition 2 of new_orders at offset 0: [7] Request Timed Out: the request exceeded the user-specified time limit in the request
APP 2025/09/09 17:01:38 kafka_service.go:332: kafka-go: no messages received from kafka within the allocated time for partition 1 of new_orders at offset 0: [7] Request Timed Out: the request exceeded the user-specified time limit in the request
APP 2025/09/09 17:01:38 kafka_service.go:332: kafka-go: no messages received from kafka within the allocated time for partition 0 of new_orders at offset 0: [7] Request Timed Out: the request exceeded the user-specified time limit in the request
APP 2025/09/09 17:01:47 kafka_service.go:332: kafka-go: no messages received from kafka within the allocated time for partition 2 of new_orders at offset 0: [7] Request Timed Out: the request exceeded the user-specified time limit in the request
APP 2025/09/09 17:01:47 kafka_service.go:332: kafka-go: no messages received from kafka within the allocated time for partition 0 of new_orders at offset 0: [7] Request Timed Out: the request exceeded the user-specified time limit in the request
APP 2025/09/09 17:01:47 kafka_service.go:332: kafka-go: no messages received from kafka within the allocated time for partition 1 of new_orders at offset 0: [7] Request Timed Out: the request exceeded the user-specified time limit in the request
APP 2025/09/09 17:01:56 kafka_service.go:332: kafka-go: no messages received from kafka within the allocated time for partition 2 of new_orders at offset 0: [7] Request Timed Out: the request exceeded the user-specified time limit in the request
APP 2025/09/09 17:01:56 kafka_service.go:332: kafka-go: no messages received from kafka within the allocated time for partition 1 of new_orders at offset 0: [7] Request Timed Out: the request exceeded the user-specified time limit in the request
APP 2025/09/09 17:01:56 kafka_service.go:332: kafka-go: no messages received from kafka within the allocated time for partition 0 of new_orders at offset 0: [7] Request Timed Out: the request exceeded the user-specified time limit in the request
APP 2025/09/09 17:02:05 kafka_service.go:332: kafka-go: no messages received from kafka within the allocated time for partition 0 of new_orders at offset 0: [7] Request Timed Out: the request exceeded the user-specified time limit in the request
APP 2025/09/09 17:02:05 kafka_service.go:332: kafka-go: no messages received from kafka within the allocated time for partition 2 of new_orders at offset 0: [7] Request Timed Out: the request exceeded the user-specified time limit in the request
APP 2025/09/09 17:02:05 kafka_service.go:332: kafka-go: no messages received from kafka within the allocated time for partition 1 of new_orders at offset 0: [7] Request Timed Out: the request exceeded the user-specified time limit in the request
APP 2025/09/09 17:02:14 kafka_service.go:332: kafka-go: no messages received from kafka within the allocated time for partition 1 of new_orders at offset 0: [7] Request Timed Out: the request exceeded the user-specified time limit in the request
APP 2025/09/09 17:02:14 kafka_service.go:332: kafka-go: no messages received from kafka within the allocated time for partition 0 of new_orders at offset 0: [7] Request Timed Out: the request exceeded the user-specified time limit in the request
APP 2025/09/09 17:02:14 kafka_service.go:332: kafka-go: no messages received from kafka within the allocated time for partition 2 of new_orders at offset 0: [7] Request Timed Out: the request exceeded the user-specified time limit in the request
APP 2025/09/09 17:02:23 kafka_service.go:332: kafka-go: no messages received from kafka within the allocated time for partition 1 of new_orders at offset 0: [7] Request Timed Out: the request exceeded the user-specified time limit in the request
APP 2025/09/09 17:02:23 kafka_service.go:332: kafka-go: no messages received from kafka within the allocated time for partition 2 of new_orders at offset 0: [7] Request Timed Out: the request exceeded the user-specified time limit in the request
APP 2025/09/09 17:02:23 kafka_service.go:332: kafka-go: no messages received from kafka within the allocated time for partition 0 of new_orders at offset 0: [7] Request Timed Out: the request exceeded the user-specified time limit in the request
APP 2025/09/09 17:02:29 kafka_service.go:332: kafka-go: looking up offset of kafka reader for partition 1 of new_orders: first offset
APP 2025/09/09 17:02:29 kafka_service.go:332: kafka-go: looking up offset of kafka reader for partition 0 of new_orders: first offset
APP 2025/09/09 17:02:29 kafka_service.go:332: kafka-go: looking up offset of kafka reader for partition 2 of new_orders: first offset
APP 2025/09/09 17:02:32 kafka_service.go:332: kafka-go: no messages received from kafka within the allocated time for partition 0 of new_orders at offset 0: [7] Request Timed Out: the request exceeded the user-specified time limit in the request
APP 2025/09/09 17:02:32 kafka_service.go:332: kafka-go: no messages received from kafka within the allocated time for partition 1 of new_orders at offset 0: [7] Request Timed Out: the request exceeded the user-specified time limit in the request
APP 2025/09/09 17:02:32 kafka_service.go:332: kafka-go: no messages received from kafka within the allocated time for partition 2 of new_orders at offset 0: [7] Request Timed Out: the request exceeded the user-specified time limit in the request
APP 2025/09/09 17:02:41 kafka_service.go:332: kafka-go: no messages received from kafka within the allocated time for partition 0 of new_orders at offset 0: [7] Request Timed Out: the request exceeded the user-specified time limit in the request
APP 2025/09/09 17:02:41 kafka_service.go:332: kafka-go: no messages received from kafka within the allocated time for partition 1 of new_orders at offset 0: [7] Request Timed Out: the request exceeded the user-specified time limit in the request
APP 2025/09/09 17:02:41 kafka_service.go:332: kafka-go: no messages received from kafka within the allocated time for partition 2 of new_orders at offset 0: [7] Request Timed Out: the request exceeded the user-specified time limit in the request
APP 2025/09/09 17:02:50 kafka_service.go:332: kafka-go: no messages received from kafka within the allocated time for partition 0 of new_orders at offset 0: [7] Request Timed Out: the request exceeded the user-specified time limit in the request
APP 2025/09/09 17:02:50 kafka_service.go:332: kafka-go: no messages received from kafka within the allocated time for partition 2 of new_orders at offset 0: [7] Request Timed Out: the request exceeded the user-specified time limit in the request
APP 2025/09/09 17:02:50 kafka_service.go:332: kafka-go: no messages received from kafka within the allocated time for partition 1 of new_orders at offset 0: [7] Request Timed Out: the request exceeded the user-specified time limit in the request
APP 2025/09/09 17:02:59 kafka_service.go:332: kafka-go: no messages received from kafka within the allocated time for partition 2 of new_orders at offset 0: [7] Request Timed Out: the request exceeded the user-specified time limit in the request
APP 2025/09/09 17:02:59 kafka_service.go:332: kafka-go: no messages received from kafka within the allocated time for partition 0 of new_orders at offset 0: [7] Request Timed Out: the request exceeded the user-specified time limit in the request
APP 2025/09/09 17:02:59 kafka_service.go:332: kafka-go: no messages received from kafka within the allocated time for partition 1 of new_orders at offset 0: [7] Request Timed Out: the request exceeded the user-specified time limit in the request
APP 2025/09/09 17:03:08 kafka_service.go:332: kafka-go: no messages received from kafka within the allocated time for partition 0 of new_orders at offset 0: [7] Request Timed Out: the request exceeded the user-specified time limit in the request
APP 2025/09/09 17:03:08 kafka_service.go:332: kafka-go: no messages received from kafka within the allocated time for partition 1 of new_orders at offset 0: [7] Request Timed Out: the request exceeded the user-specified time limit in the request
APP 2025/09/09 17:03:08 kafka_service.go:332: kafka-go: no messages received from kafka within the allocated time for partition 2 of new_orders at offset 0: [7] Request Timed Out: the request exceeded the user-specified time limit in the request
APP 2025/09/09 17:03:17 kafka_service.go:332: kafka-go: no messages received from kafka within the allocated time for partition 0 of new_orders at offset 0: [7] Request Timed Out: the request exceeded the user-specified time limit in the request
APP 2025/09/09 17:03:17 kafka_service.go:332: kafka-go: no messages received from kafka within the allocated time for partition 1 of new_orders at offset 0: [7] Request Timed Out: the request exceeded the user-specified time limit in the request
APP 2025/09/09 17:03:17 kafka_service.go:332: kafka-go: no messages received from kafka within the allocated time for partition 2 of new_orders at offset 0: [7] Request Timed Out: the request exceeded the user-specified time limit in the request
APP 2025/09/09 17:03:26 kafka_service.go:332: kafka-go: no messages received from kafka within the allocated time for partition 1 of new_orders at offset 0: [7] Request Timed Out: the request exceeded the user-specified time limit in the request
APP 2025/09/09 17:03:26 kafka_service.go:332: kafka-go: no messages received from kafka within the allocated time for partition 0 of new_orders at offset 0: [7] Request Timed Out: the request exceeded the user-specified time limit in the request
APP 2025/09/09 17:03:26 kafka_service.go:332: kafka-go: no messages received from kafka within the allocated time for partition 2 of new_orders at offset 0: [7] Request Timed Out: the request exceeded the user-specified time limit in the request
APP 2025/09/09 17:03:29 kafka_service.go:332: kafka-go: looking up offset of kafka reader for partition 1 of new_orders: first offset
APP 2025/09/09 17:03:29 kafka_service.go:332: kafka-go: looking up offset of kafka reader for partition 0 of new_orders: first offset
APP 2025/09/09 17:03:29 kafka_service.go:332: kafka-go: looking up offset of kafka reader for partition 2 of new_orders: first offset
APP 2025/09/09 17:03:35 kafka_service.go:332: kafka-go: no messages received from kafka within the allocated time for partition 0 of new_orders at offset 0: [7] Request Timed Out: the request exceeded the user-specified time limit in the request
APP 2025/09/09 17:03:35 kafka_service.go:332: kafka-go: no messages received from kafka within the allocated time for partition 2 of new_orders at offset 0: [7] Request Timed Out: the request exceeded the user-specified time limit in the request
APP 2025/09/09 17:03:35 kafka_service.go:332: kafka-go: no messages received from kafka within the allocated time for partition 1 of new_orders at offset 0: [7] Request Timed Out: the request exceeded the user-specified time limit in the request
APP 2025/09/09 17:03:44 kafka_service.go:332: kafka-go: no messages received from kafka within the allocated time for partition 0 of new_orders at offset 0: [7] Request Timed Out: the request exceeded the user-specified time limit in the request
APP 2025/09/09 17:03:44 kafka_service.go:332: kafka-go: no messages received from kafka within the allocated time for partition 1 of new_orders at offset 0: [7] Request Timed Out: the request exceeded the user-specified time limit in the request
APP 2025/09/09 17:03:44 kafka_service.go:332: kafka-go: no messages received from kafka within the allocated time for partition 2 of new_orders at offset 0: [7] Request Timed Out: the request exceeded the user-specified time limit in the request
APP 2025/09/09 17:03:53 kafka_service.go:332: kafka-go: no messages received from kafka within the allocated time for partition 2 of new_orders at offset 0: [7] Request Timed Out: the request exceeded the user-specified time limit in the request
APP 2025/09/09 17:03:53 kafka_service.go:332: kafka-go: no messages received from kafka within the allocated time for partition 0 of new_orders at offset 0: [7] Request Timed Out: the request exceeded the user-specified time limit in the request
APP 2025/09/09 17:03:53 kafka_service.go:332: kafka-go: no messages received from kafka within the allocated time for partition 1 of new_orders at offset 0: [7] Request Timed Out: the request exceeded the user-specified time limit in the request
APP 2025/09/09 17:04:02 kafka_service.go:332: kafka-go: no messages received from kafka within the allocated time for partition 1 of new_orders at offset 0: [7] Request Timed Out: the request exceeded the user-specified time limit in the request
APP 2025/09/09 17:04:02 kafka_service.go:332: kafka-go: no messages received from kafka within the allocated time for partition 0 of new_orders at offset 0: [7] Request Timed Out: the request exceeded the user-specified time limit in the request
APP 2025/09/09 17:04:02 kafka_service.go:332: kafka-go: no messages received from kafka within the allocated time for partition 2 of new_orders at offset 0: [7] Request Timed Out: the request exceeded the user-specified time limit in the request
APP 2025/09/09 17:04:11 kafka_service.go:332: kafka-go: no messages received from kafka within the allocated time for partition 1 of new_orders at offset 0: [7] Request Timed Out: the request exceeded the user-specified time limit in the request
APP 2025/09/09 17:04:11 kafka_service.go:332: kafka-go: no messages received from kafka within the allocated time for partition 0 of new_orders at offset 0: [7] Request Timed Out: the request exceeded the user-specified time limit in the request
APP 2025/09/09 17:04:11 kafka_service.go:332: kafka-go: no messages received from kafka within the allocated time for partition 2 of new_orders at offset 0: [7] Request Timed Out: the request exceeded the user-specified time limit in the request
APP 2025/09/09 17:04:20 kafka_service.go:332: kafka-go: no messages received from kafka within the allocated time for partition 0 of new_orders at offset 0: [7] Request Timed Out: the request exceeded the user-specified time limit in the request
APP 2025/09/09 17:04:20 kafka_service.go:332: kafka-go: no messages received from kafka within the allocated time for partition 1 of new_orders at offset 0: [7] Request Timed Out: the request exceeded the user-specified time limit in the request
APP 2025/09/09 17:04:20 kafka_service.go:332: kafka-go: no messages received from kafka within the allocated time for partition 2 of new_orders at offset 0: [7] Request Timed Out: the request exceeded the user-specified time limit in the request
APP 2025/09/09 17:04:29 kafka_service.go:332: kafka-go: looking up offset of kafka reader for partition 2 of new_orders: first offset
APP 2025/09/09 17:04:29 kafka_service.go:332: kafka-go: looking up offset of kafka reader for partition 0 of new_orders: first offset
APP 2025/09/09 17:04:29 kafka_service.go:332: kafka-go: looking up offset of kafka reader for partition 1 of new_orders: first offset
APP 2025/09/09 17:04:29 kafka_service.go:332: kafka-go: no messages received from kafka within the allocated time for partition 1 of new_orders at offset 0: [7] Request Timed Out: the request exceeded the user-specified time limit in the request
APP 2025/09/09 17:04:29 kafka_service.go:332: kafka-go: no messages received from kafka within the allocated time for partition 0 of new_orders at offset 0: [7] Request Timed Out: the request exceeded the user-specified time limit in the request
APP 2025/09/09 17:04:29 kafka_service.go:332: kafka-go: no messages received from kafka within the allocated time for partition 2 of new_orders at offset 0: [7] Request Timed Out: the request exceeded the user-specified time limit in the request
APP 2025/09/09 17:04:39 kafka_service.go:332: kafka-go: no messages received from kafka within the allocated time for partition 1 of new_orders at offset 0: [7] Request Timed Out: the request exceeded the user-specified time limit in the request
APP 2025/09/09 17:04:39 kafka_service.go:332: kafka-go: no messages received from kafka within the allocated time for partition 0 of new_orders at offset 0: [7] Request Timed Out: the request exceeded the user-specified time limit in the request
APP 2025/09/09 17:04:39 kafka_service.go:332: kafka-go: no messages received from kafka within the allocated time for partition 2 of new_orders at offset 0: [7] Request Timed Out: the request exceeded the user-specified time limit in the request
APP 2025/09/09 17:04:48 kafka_service.go:332: kafka-go: no messages received from kafka within the allocated time for partition 0 of new_orders at offset 0: [7] Request Timed Out: the request exceeded the user-specified time limit in the request
APP 2025/09/09 17:04:48 kafka_service.go:332: kafka-go: no messages received from kafka within the allocated time for partition 1 of new_orders at offset 0: [7] Request Timed Out: the request exceeded the user-specified time limit in the request
APP 2025/09/09 17:04:48 kafka_service.go:332: kafka-go: no messages received from kafka within the allocated time for partition 2 of new_orders at offset 0: [7] Request Timed Out: the request exceeded the user-specified time limit in the request
APP 2025/09/09 17:04:57 kafka_service.go:332: kafka-go: no messages received from kafka within the allocated time for partition 2 of new_orders at offset 0: [7] Request Timed Out: the request exceeded the user-specified time limit in the request
APP 2025/09/09 17:04:57 kafka_service.go:332: kafka-go: no messages received from kafka within the allocated time for partition 0 of new_orders at offset 0: [7] Request Timed Out: the request exceeded the user-specified time limit in the request
APP 2025/09/09 17:04:57 kafka_service.go:332: kafka-go: no messages received from kafka within the allocated time for partition 1 of new_orders at offset 0: [7] Request Timed Out: the request exceeded the user-specified time limit in the request
APP 2025/09/09 17:05:06 kafka_service.go:332: kafka-go: no messages received from kafka within the allocated time for partition 0 of new_orders at offset 0: [7] Request Timed Out: the request exceeded the user-specified time limit in the request
APP 2025/09/09 17:05:06 kafka_service.go:332: kafka-go: no messages received from kafka within the allocated time for partition 2 of new_orders at offset 0: [7] Request Timed Out: the request exceeded the user-specified time limit in the request
APP 2025/09/09 17:05:06 kafka_service.go:332: kafka-go: no messages received from kafka within the allocated time for partition 1 of new_orders at offset 0: [7] Request Timed Out: the request exceeded the user-specified time limit in the request
APP 2025/09/09 17:05:15 kafka_service.go:332: kafka-go: no messages received from kafka within the allocated time for partition 2 of new_orders at offset 0: [7] Request Timed Out: the request exceeded the user-specified time limit in the request
APP 2025/09/09 17:05:15 kafka_service.go:332: kafka-go: no messages received from kafka within the allocated time for partition 0 of new_orders at offset 0: [7] Request Timed Out: the request exceeded the user-specified time limit in the request
APP 2025/09/09 17:05:15 kafka_service.go:332: kafka-go: no messages received from kafka within the allocated time for partition 1 of new_orders at offset 0: [7] Request Timed Out: the request exceeded the user-specified time limit in the request
APP 2025/09/09 17:05:24 kafka_service.go:332: kafka-go: no messages received from kafka within the allocated time for partition 2 of new_orders at offset 0: [7] Request Timed Out: the request exceeded the user-specified time limit in the request
APP 2025/09/09 17:05:24 kafka_service.go:332: kafka-go: no messages received from kafka within the allocated time for partition 0 of new_orders at offset 0: [7] Request Timed Out: the request exceeded the user-specified time limit in the request
APP 2025/09/09 17:05:24 kafka_service.go:332: kafka-go: no messages received from kafka within the allocated time for partition 1 of new_orders at offset 0: [7] Request Timed Out: the request exceeded the user-specified time limit in the request
APP 2025/09/09 17:05:29 kafka_service.go:332: kafka-go: looking up offset of kafka reader for partition 0 of new_orders: first offset
APP 2025/09/09 17:05:29 kafka_service.go:332: kafka-go: looking up offset of kafka reader for partition 2 of new_orders: first offset
APP 2025/09/09 17:05:29 kafka_service.go:332: kafka-go: looking up offset of kafka reader for partition 1 of new_orders: first offset
APP 2025/09/09 17:05:33 kafka_service.go:332: kafka-go: no messages received from kafka within the allocated time for partition 2 of new_orders at offset 0: [7] Request Timed Out: the request exceeded the user-specified time limit in the request
APP 2025/09/09 17:05:33 kafka_service.go:332: kafka-go: no messages received from kafka within the allocated time for partition 0 of new_orders at offset 0: [7] Request Timed Out: the request exceeded the user-specified time limit in the request
APP 2025/09/09 17:05:33 kafka_service.go:332: kafka-go: no messages received from kafka within the allocated time for partition 1 of new_orders at offset 0: [7] Request Timed Out: the request exceeded the user-specified time limit in the request
APP 2025/09/09 17:05:42 kafka_service.go:332: kafka-go: no messages received from kafka within the allocated time for partition 0 of new_orders at offset 0: [7] Request Timed Out: the request exceeded the user-specified time limit in the request
APP 2025/09/09 17:05:42 kafka_service.go:332: kafka-go: no messages received from kafka within the allocated time for partition 2 of new_orders at offset 0: [7] Request Timed Out: the request exceeded the user-specified time limit in the request
APP 2025/09/09 17:05:42 kafka_service.go:332: kafka-go: no messages received from kafka within the allocated time for partition 1 of new_orders at offset 0: [7] Request Timed Out: the request exceeded the user-specified time limit in the request
APP 2025/09/09 17:05:51 kafka_service.go:332: kafka-go: no messages received from kafka within the allocated time for partition 2 of new_orders at offset 0: [7] Request Timed Out: the request exceeded the user-specified time limit in the request
APP 2025/09/09 17:05:51 kafka_service.go:332: kafka-go: no messages received from kafka within the allocated time for partition 0 of new_orders at offset 0: [7] Request Timed Out: the request exceeded the user-specified time limit in the request
APP 2025/09/09 17:05:51 kafka_service.go:332: kafka-go: no messages received from kafka within the allocated time for partition 1 of new_orders at offset 0: [7] Request Timed Out: the request exceeded the user-specified time limit in the request
APP 2025/09/09 17:06:00 kafka_service.go:332: kafka-go: no messages received from kafka within the allocated time for partition 2 of new_orders at offset 0: [7] Request Timed Out: the request exceeded the user-specified time limit in the request
APP 2025/09/09 17:06:00 kafka_service.go:332: kafka-go: no messages received from kafka within the allocated time for partition 1 of new_orders at offset 0: [7] Request Timed Out: the request exceeded the user-specified time limit in the request
APP 2025/09/09 17:06:00 kafka_service.go:332: kafka-go: no messages received from kafka within the allocated time for partition 0 of new_orders at offset 0: [7] Request Timed Out: the request exceeded the user-specified time limit in the request
APP 2025/09/09 17:06:09 kafka_service.go:332: kafka-go: no messages received from kafka within the allocated time for partition 0 of new_orders at offset 0: [7] Request Timed Out: the request exceeded the user-specified time limit in the request
APP 2025/09/09 17:06:09 kafka_service.go:332: kafka-go: no messages received from kafka within the allocated time for partition 2 of new_orders at offset 0: [7] Request Timed Out: the request exceeded the user-specified time limit in the request
APP 2025/09/09 17:06:09 kafka_service.go:332: kafka-go: no messages received from kafka within the allocated time for partition 1 of new_orders at offset 0: [7] Request Timed Out: the request exceeded the user-specified time limit in the request
APP 2025/09/09 17:06:18 kafka_service.go:332: kafka-go: no messages received from kafka within the allocated time for partition 2 of new_orders at offset 0: [7] Request Timed Out: the request exceeded the user-specified time limit in the request
APP 2025/09/09 17:06:18 kafka_service.go:332: kafka-go: no messages received from kafka within the allocated time for partition 0 of new_orders at offset 0: [7] Request Timed Out: the request exceeded the user-specified time limit in the request
APP 2025/09/09 17:06:18 kafka_service.go:332: kafka-go: no messages received from kafka within the allocated time for partition 1 of new_orders at offset 0: [7] Request Timed Out: the request exceeded the user-specified time limit in the request
APP 2025/09/09 17:06:27 kafka_service.go:332: kafka-go: no messages received from kafka within the allocated time for partition 1 of new_orders at offset 0: [7] Request Timed Out: the request exceeded the user-specified time limit in the request
APP 2025/09/09 17:06:27 kafka_service.go:332: kafka-go: no messages received from kafka within the allocated time for partition 2 of new_orders at offset 0: [7] Request Timed Out: the request exceeded the user-specified time limit in the request
APP 2025/09/09 17:06:27 kafka_service.go:332: kafka-go: no messages received from kafka within the allocated time for partition 0 of new_orders at offset 0: [7] Request Timed Out: the request exceeded the user-specified time limit in the request
APP 2025/09/09 17:06:29 kafka_service.go:332: kafka-go: looking up offset of kafka reader for partition 2 of new_orders: first offset
APP 2025/09/09 17:06:29 kafka_service.go:332: kafka-go: looking up offset of kafka reader for partition 0 of new_orders: first offset
APP 2025/09/09 17:06:29 kafka_service.go:332: kafka-go: looking up offset of kafka reader for partition 1 of new_orders: first offset
APP 2025/09/09 17:06:36 kafka_service.go:332: kafka-go: no messages received from kafka within the allocated time for partition 0 of new_orders at offset 0: [7] Request Timed Out: the request exceeded the user-specified time limit in the request
APP 2025/09/09 17:06:36 kafka_service.go:332: kafka-go: no messages received from kafka within the allocated time for partition 1 of new_orders at offset 0: [7] Request Timed Out: the request exceeded the user-specified time limit in the request
APP 2025/09/09 17:06:36 kafka_service.go:332: kafka-go: no messages received from kafka within the allocated time for partition 2 of new_orders at offset 0: [7] Request Timed Out: the request exceeded the user-specified time limit in the request
APP 2025/09/09 17:06:45 kafka_service.go:332: kafka-go: no messages received from kafka within the allocated time for partition 1 of new_orders at offset 0: [7] Request Timed Out: the request exceeded the user-specified time limit in the request
APP 2025/09/09 17:06:45 kafka_service.go:332: kafka-go: no messages received from kafka within the allocated time for partition 2 of new_orders at offset 0: [7] Request Timed Out: the request exceeded the user-specified time limit in the request
APP 2025/09/09 17:06:45 kafka_service.go:332: kafka-go: no messages received from kafka within the allocated time for partition 0 of new_orders at offset 0: [7] Request Timed Out: the request exceeded the user-specified time limit in the request
APP 2025/09/09 17:06:54 kafka_service.go:332: kafka-go: no messages received from kafka within the allocated time for partition 0 of new_orders at offset 0: [7] Request Timed Out: the request exceeded the user-specified time limit in the request
APP 2025/09/09 17:06:54 kafka_service.go:332: kafka-go: no messages received from kafka within the allocated time for partition 2 of new_orders at offset 0: [7] Request Timed Out: the request exceeded the user-specified time limit in the request
APP 2025/09/09 17:06:54 kafka_service.go:332: kafka-go: no messages received from kafka within the allocated time for partition 1 of new_orders at offset 0: [7] Request Timed Out: the request exceeded the user-specified time limit in the request
APP 2025/09/09 17:07:03 kafka_service.go:332: kafka-go: no messages received from kafka within the allocated time for partition 1 of new_orders at offset 0: [7] Request Timed Out: the request exceeded the user-specified time limit in the request
APP 2025/09/09 17:07:03 kafka_service.go:332: kafka-go: no messages received from kafka within the allocated time for partition 2 of new_orders at offset 0: [7] Request Timed Out: the request exceeded the user-specified time limit in the request
APP 2025/09/09 17:07:03 kafka_service.go:332: kafka-go: no messages received from kafka within the allocated time for partition 0 of new_orders at offset 0: [7] Request Timed Out: the request exceeded the user-specified time limit in the request
APP 2025/09/09 17:07:12 kafka_service.go:332: kafka-go: no messages received from kafka within the allocated time for partition 2 of new_orders at offset 0: [7] Request Timed Out: the request exceeded the user-specified time limit in the request
APP 2025/09/09 17:07:12 kafka_service.go:332: kafka-go: no messages received from kafka within the allocated time for partition 1 of new_orders at offset 0: [7] Request Timed Out: the request exceeded the user-specified time limit in the request
APP 2025/09/09 17:07:12 kafka_service.go:332: kafka-go: no messages received from kafka within the allocated time for partition 0 of new_orders at offset 0: [7] Request Timed Out: the request exceeded the user-specified time limit in the request
APP 2025/09/09 17:07:21 kafka_service.go:332: kafka-go: no messages received from kafka within the allocated time for partition 1 of new_orders at offset 0: [7] Request Timed Out: the request exceeded the user-specified time limit in the request
APP 2025/09/09 17:07:21 kafka_service.go:332: kafka-go: no messages received from kafka within the allocated time for partition 2 of new_orders at offset 0: [7] Request Timed Out: the request exceeded the user-specified time limit in the request
APP 2025/09/09 17:07:21 kafka_service.go:332: kafka-go: no messages received from kafka within the allocated time for partition 0 of new_orders at offset 0: [7] Request Timed Out: the request exceeded the user-specified time limit in the request
APP 2025/09/09 17:07:29 kafka_service.go:332: kafka-go: looking up offset of kafka reader for partition 1 of new_orders: first offset
APP 2025/09/09 17:07:29 kafka_service.go:332: kafka-go: looking up offset of kafka reader for partition 2 of new_orders: first offset
APP 2025/09/09 17:07:29 kafka_service.go:332: kafka-go: looking up offset of kafka reader for partition 0 of new_orders: first offset
APP 2025/09/09 17:07:30 kafka_service.go:332: kafka-go: no messages received from kafka within the allocated time for partition 0 of new_orders at offset 0: [7] Request Timed Out: the request exceeded the user-specified time limit in the request
APP 2025/09/09 17:07:30 kafka_service.go:332: kafka-go: no messages received from kafka within the allocated time for partition 2 of new_orders at offset 0: [7] Request Timed Out: the request exceeded the user-specified time limit in the request
APP 2025/09/09 17:07:30 kafka_service.go:332: kafka-go: no messages received from kafka within the allocated time for partition 1 of new_orders at offset 0: [7] Request Timed Out: the request exceeded the user-specified time limit in the request
APP 2025/09/09 17:07:39 kafka_service.go:332: kafka-go: no messages received from kafka within the allocated time for partition 0 of new_orders at offset 0: [7] Request Timed Out: the request exceeded the user-specified time limit in the request
APP 2025/09/09 17:07:39 kafka_service.go:332: kafka-go: no messages received from kafka within the allocated time for partition 2 of new_orders at offset 0: [7] Request Timed Out: the request exceeded the user-specified time limit in the request
APP 2025/09/09 17:07:39 kafka_service.go:332: kafka-go: no messages received from kafka within the allocated time for partition 1 of new_orders at offset 0: [7] Request Timed Out: the request exceeded the user-specified time limit in the request
APP 2025/09/09 17:07:48 kafka_service.go:332: kafka-go: no messages received from kafka within the allocated time for partition 1 of new_orders at offset 0: [7] Request Timed Out: the request exceeded the user-specified time limit in the request
APP 2025/09/09 17:07:48 kafka_service.go:332: kafka-go: no messages received from kafka within the allocated time for partition 2 of new_orders at offset 0: [7] Request Timed Out: the request exceeded the user-specified time limit in the request
APP 2025/09/09 17:07:48 kafka_service.go:332: kafka-go: no messages received from kafka within the allocated time for partition 0 of new_orders at offset 0: [7] Request Timed Out: the request exceeded the user-specified time limit in the request
APP 2025/09/09 17:07:57 kafka_service.go:332: kafka-go: no messages received from kafka within the allocated time for partition 2 of new_orders at offset 0: [7] Request Timed Out: the request exceeded the user-specified time limit in the request
APP 2025/09/09 17:07:57 kafka_service.go:332: kafka-go: no messages received from kafka within the allocated time for partition 0 of new_orders at offset 0: [7] Request Timed Out: the request exceeded the user-specified time limit in the request
APP 2025/09/09 17:07:57 kafka_service.go:332: kafka-go: no messages received from kafka within the allocated time for partition 1 of new_orders at offset 0: [7] Request Timed Out: the request exceeded the user-specified time limit in the request
APP 2025/09/09 17:08:06 kafka_service.go:332: kafka-go: no messages received from kafka within the allocated time for partition 2 of new_orders at offset 0: [7] Request Timed Out: the request exceeded the user-specified time limit in the request
APP 2025/09/09 17:08:06 kafka_service.go:332: kafka-go: no messages received from kafka within the allocated time for partition 0 of new_orders at offset 0: [7] Request Timed Out: the request exceeded the user-specified time limit in the request
APP 2025/09/09 17:08:06 kafka_service.go:332: kafka-go: no messages received from kafka within the allocated time for partition 1 of new_orders at offset 0: [7] Request Timed Out: the request exceeded the user-specified time limit in the request
APP 2025/09/09 17:08:15 kafka_service.go:332: kafka-go: no messages received from kafka within the allocated time for partition 0 of new_orders at offset 0: [7] Request Timed Out: the request exceeded the user-specified time limit in the request
APP 2025/09/09 17:08:15 kafka_service.go:332: kafka-go: no messages received from kafka within the allocated time for partition 2 of new_orders at offset 0: [7] Request Timed Out: the request exceeded the user-specified time limit in the request
APP 2025/09/09 17:08:15 kafka_service.go:332: kafka-go: no messages received from kafka within the allocated time for partition 1 of new_orders at offset 0: [7] Request Timed Out: the request exceeded the user-specified time limit in the request
APP 2025/09/09 17:08:24 kafka_service.go:332: kafka-go: no messages received from kafka within the allocated time for partition 1 of new_orders at offset 0: [7] Request Timed Out: the request exceeded the user-specified time limit in the request
APP 2025/09/09 17:08:24 kafka_service.go:332: kafka-go: no messages received from kafka within the allocated time for partition 0 of new_orders at offset 0: [7] Request Timed Out: the request exceeded the user-specified time limit in the request
APP 2025/09/09 17:08:24 kafka_service.go:332: kafka-go: no messages received from kafka within the allocated time for partition 2 of new_orders at offset 0: [7] Request Timed Out: the request exceeded the user-specified time limit in the request
APP 2025/09/09 17:08:29 kafka_service.go:332: kafka-go: looking up offset of kafka reader for partition 0 of new_orders: first offset
APP 2025/09/09 17:08:29 kafka_service.go:332: kafka-go: looking up offset of kafka reader for partition 1 of new_orders: first offset
APP 2025/09/09 17:08:29 kafka_service.go:332: kafka-go: looking up offset of kafka reader for partition 2 of new_orders: first offset
APP 2025/09/09 17:08:33 kafka_service.go:332: kafka-go: no messages received from kafka within the allocated time for partition 1 of new_orders at offset 0: [7] Request Timed Out: the request exceeded the user-specified time limit in the request
APP 2025/09/09 17:08:33 kafka_service.go:332: kafka-go: no messages received from kafka within the allocated time for partition 0 of new_orders at offset 0: [7] Request Timed Out: the request exceeded the user-specified time limit in the request
APP 2025/09/09 17:08:33 kafka_service.go:332: kafka-go: no messages received from kafka within the allocated time for partition 2 of new_orders at offset 0: [7] Request Timed Out: the request exceeded the user-specified time limit in the request
APP 2025/09/09 17:08:42 kafka_service.go:332: kafka-go: no messages received from kafka within the allocated time for partition 0 of new_orders at offset 0: [7] Request Timed Out: the request exceeded the user-specified time limit in the request
APP 2025/09/09 17:08:42 kafka_service.go:332: kafka-go: no messages received from kafka within the allocated time for partition 1 of new_orders at offset 0: [7] Request Timed Out: the request exceeded the user-specified time limit in the request
APP 2025/09/09 17:08:42 kafka_service.go:332: kafka-go: no messages received from kafka within the allocated time for partition 2 of new_orders at offset 0: [7] Request Timed Out: the request exceeded the user-specified time limit in the request
APP 2025/09/09 17:08:51 kafka_service.go:332: kafka-go: no messages received from kafka within the allocated time for partition 0 of new_orders at offset 0: [7] Request Timed Out: the request exceeded the user-specified time limit in the request
APP 2025/09/09 17:08:51 kafka_service.go:332: kafka-go: no messages received from kafka within the allocated time for partition 1 of new_orders at offset 0: [7] Request Timed Out: the request exceeded the user-specified time limit in the request
APP 2025/09/09 17:08:51 kafka_service.go:332: kafka-go: no messages received from kafka within the allocated time for partition 2 of new_orders at offset 0: [7] Request Timed Out: the request exceeded the user-specified time limit in the request
APP 2025/09/09 17:09:00 kafka_service.go:332: kafka-go: no messages received from kafka within the allocated time for partition 0 of new_orders at offset 0: [7] Request Timed Out: the request exceeded the user-specified time limit in the request
APP 2025/09/09 17:09:00 kafka_service.go:332: kafka-go: no messages received from kafka within the allocated time for partition 2 of new_orders at offset 0: [7] Request Timed Out: the request exceeded the user-specified time limit in the request
APP 2025/09/09 17:09:00 kafka_service.go:332: kafka-go: no messages received from kafka within the allocated time for partition 1 of new_orders at offset 0: [7] Request Timed Out: the request exceeded the user-specified time limit in the request
APP 2025/09/09 17:09:09 kafka_service.go:332: kafka-go: no messages received from kafka within the allocated time for partition 0 of new_orders at offset 0: [7] Request Timed Out: the request exceeded the user-specified time limit in the request
APP 2025/09/09 17:09:09 kafka_service.go:332: kafka-go: no messages received from kafka within the allocated time for partition 1 of new_orders at offset 0: [7] Request Timed Out: the request exceeded the user-specified time limit in the request
APP 2025/09/09 17:09:09 kafka_service.go:332: kafka-go: no messages received from kafka within the allocated time for partition 2 of new_orders at offset 0: [7] Request Timed Out: the request exceeded the user-specified time limit in the request
APP 2025/09/09 17:09:18 kafka_service.go:332: kafka-go: no messages received from kafka within the allocated time for partition 0 of new_orders at offset 0: [7] Request Timed Out: the request exceeded the user-specified time limit in the request
APP 2025/09/09 17:09:18 kafka_service.go:332: kafka-go: no messages received from kafka within the allocated time for partition 2 of new_orders at offset 0: [7] Request Timed Out: the request exceeded the user-specified time limit in the request
APP 2025/09/09 17:09:18 kafka_service.go:332: kafka-go: no messages received from kafka within the allocated time for partition 1 of new_orders at offset 0: [7] Request Timed Out: the request exceeded the user-specified time limit in the request
APP 2025/09/09 17:09:27 kafka_service.go:332: kafka-go: no messages received from kafka within the allocated time for partition 2 of new_orders at offset 0: [7] Request Timed Out: the request exceeded the user-specified time limit in the request
APP 2025/09/09 17:09:27 kafka_service.go:332: kafka-go: no messages received from kafka within the allocated time for partition 0 of new_orders at offset 0: [7] Request Timed Out: the request exceeded the user-specified time limit in the request
APP 2025/09/09 17:09:27 kafka_service.go:332: kafka-go: no messages received from kafka within the allocated time for partition 1 of new_orders at offset 0: [7] Request Timed Out: the request exceeded the user-specified time limit in the request
APP 2025/09/09 17:09:29 kafka_service.go:332: kafka-go: looking up offset of kafka reader for partition 2 of new_orders: first offset
APP 2025/09/09 17:09:29 kafka_service.go:332: kafka-go: looking up offset of kafka reader for partition 1 of new_orders: first offset
APP 2025/09/09 17:09:29 kafka_service.go:332: kafka-go: looking up offset of kafka reader for partition 0 of new_orders: first offset
APP 2025/09/09 17:09:36 kafka_service.go:332: kafka-go: no messages received from kafka within the allocated time for partition 2 of new_orders at offset 0: [7] Request Timed Out: the request exceeded the user-specified time limit in the request
APP 2025/09/09 17:09:36 kafka_service.go:332: kafka-go: no messages received from kafka within the allocated time for partition 1 of new_orders at offset 0: [7] Request Timed Out: the request exceeded the user-specified time limit in the request
APP 2025/09/09 17:09:36 kafka_service.go:332: kafka-go: no messages received from kafka within the allocated time for partition 0 of new_orders at offset 0: [7] Request Timed Out: the request exceeded the user-specified time limit in the request
APP 2025/09/09 17:09:45 kafka_service.go:332: kafka-go: no messages received from kafka within the allocated time for partition 2 of new_orders at offset 0: [7] Request Timed Out: the request exceeded the user-specified time limit in the request
APP 2025/09/09 17:09:45 kafka_service.go:332: kafka-go: no messages received from kafka within the allocated time for partition 1 of new_orders at offset 0: [7] Request Timed Out: the request exceeded the user-specified time limit in the request
APP 2025/09/09 17:09:45 kafka_service.go:332: kafka-go: no messages received from kafka within the allocated time for partition 0 of new_orders at offset 0: [7] Request Timed Out: the request exceeded the user-specified time limit in the request
APP 2025/09/09 17:09:54 kafka_service.go:332: kafka-go: no messages received from kafka within the allocated time for partition 0 of new_orders at offset 0: [7] Request Timed Out: the request exceeded the user-specified time limit in the request
APP 2025/09/09 17:09:54 kafka_service.go:332: kafka-go: no messages received from kafka within the allocated time for partition 1 of new_orders at offset 0: [7] Request Timed Out: the request exceeded the user-specified time limit in the request
APP 2025/09/09 17:09:54 kafka_service.go:332: kafka-go: no messages received from kafka within the allocated time for partition 2 of new_orders at offset 0: [7] Request Timed Out: the request exceeded the user-specified time limit in the request
APP 2025/09/09 17:10:03 kafka_service.go:332: kafka-go: no messages received from kafka within the allocated time for partition 0 of new_orders at offset 0: [7] Request Timed Out: the request exceeded the user-specified time limit in the request
APP 2025/09/09 17:10:03 kafka_service.go:332: kafka-go: no messages received from kafka within the allocated time for partition 2 of new_orders at offset 0: [7] Request Timed Out: the request exceeded the user-specified time limit in the request
APP 2025/09/09 17:10:03 kafka_service.go:332: kafka-go: no messages received from kafka within the allocated time for partition 1 of new_orders at offset 0: [7] Request Timed Out: the request exceeded the user-specified time limit in the request
APP 2025/09/09 17:10:12 kafka_service.go:332: kafka-go: no messages received from kafka within the allocated time for partition 0 of new_orders at offset 0: [7] Request Timed Out: the request exceeded the user-specified time limit in the request
APP 2025/09/09 17:10:12 kafka_service.go:332: kafka-go: no messages received from kafka within the allocated time for partition 1 of new_orders at offset 0: [7] Request Timed Out: the request exceeded the user-specified time limit in the request
APP 2025/09/09 17:10:12 kafka_service.go:332: kafka-go: no messages received from kafka within the allocated time for partition 2 of new_orders at offset 0: [7] Request Timed Out: the request exceeded the user-specified time limit in the request
APP 2025/09/09 17:10:21 kafka_service.go:332: kafka-go: no messages received from kafka within the allocated time for partition 1 of new_orders at offset 0: [7] Request Timed Out: the request exceeded the user-specified time limit in the request
APP 2025/09/09 17:10:21 kafka_service.go:332: kafka-go: no messages received from kafka within the allocated time for partition 2 of new_orders at offset 0: [7] Request Timed Out: the request exceeded the user-specified time limit in the request
APP 2025/09/09 17:10:21 kafka_service.go:332: kafka-go: no messages received from kafka within the allocated time for partition 0 of new_orders at offset 0: [7] Request Timed Out: the request exceeded the user-specified time limit in the request
APP 2025/09/09 17:10:29 kafka_service.go:332: kafka-go: looking up offset of kafka reader for partition 2 of new_orders: first offset
APP 2025/09/09 17:10:29 kafka_service.go:332: kafka-go: looking up offset of kafka reader for partition 0 of new_orders: first offset
APP 2025/09/09 17:10:29 kafka_service.go:332: kafka-go: looking up offset of kafka reader for partition 1 of new_orders: first offset
APP 2025/09/09 17:10:30 kafka_service.go:332: kafka-go: no messages received from kafka within the allocated time for partition 1 of new_orders at offset 0: [7] Request Timed Out: the request exceeded the user-specified time limit in the request
APP 2025/09/09 17:10:30 kafka_service.go:332: kafka-go: no messages received from kafka within the allocated time for partition 0 of new_orders at offset 0: [7] Request Timed Out: the request exceeded the user-specified time limit in the request
APP 2025/09/09 17:10:30 kafka_service.go:332: kafka-go: no messages received from kafka within the allocated time for partition 2 of new_orders at offset 0: [7] Request Timed Out: the request exceeded the user-specified time limit in the request
APP 2025/09/09 17:10:39 kafka_service.go:332: kafka-go: no messages received from kafka within the allocated time for partition 1 of new_orders at offset 0: [7] Request Timed Out: the request exceeded the user-specified time limit in the request
APP 2025/09/09 17:10:39 kafka_service.go:332: kafka-go: no messages received from kafka within the allocated time for partition 0 of new_orders at offset 0: [7] Request Timed Out: the request exceeded the user-specified time limit in the request
APP 2025/09/09 17:10:39 kafka_service.go:332: kafka-go: no messages received from kafka within the allocated time for partition 2 of new_orders at offset 0: [7] Request Timed Out: the request exceeded the user-specified time limit in the request
APP 2025/09/09 17:10:48 kafka_service.go:332: kafka-go: no messages received from kafka within the allocated time for partition 1 of new_orders at offset 0: [7] Request Timed Out: the request exceeded the user-specified time limit in the request
APP 2025/09/09 17:10:48 kafka_service.go:332: kafka-go: no messages received from kafka within the allocated time for partition 0 of new_orders at offset 0: [7] Request Timed Out: the request exceeded the user-specified time limit in the request
APP 2025/09/09 17:10:48 kafka_service.go:332: kafka-go: no messages received from kafka within the allocated time for partition 2 of new_orders at offset 0: [7] Request Timed Out: the request exceeded the user-specified time limit in the request
APP 2025/09/09 17:10:57 kafka_service.go:332: kafka-go: no messages received from kafka within the allocated time for partition 1 of new_orders at offset 0: [7] Request Timed Out: the request exceeded the user-specified time limit in the request
APP 2025/09/09 17:10:57 kafka_service.go:332: kafka-go: no messages received from kafka within the allocated time for partition 0 of new_orders at offset 0: [7] Request Timed Out: the request exceeded the user-specified time limit in the request
APP 2025/09/09 17:10:57 kafka_service.go:332: kafka-go: no messages received from kafka within the allocated time for partition 2 of new_orders at offset 0: [7] Request Timed Out: the request exceeded the user-specified time limit in the request
APP 2025/09/09 17:11:06 kafka_service.go:332: kafka-go: no messages received from kafka within the allocated time for partition 1 of new_orders at offset 0: [7] Request Timed Out: the request exceeded the user-specified time limit in the request
APP 2025/09/09 17:11:06 kafka_service.go:332: kafka-go: no messages received from kafka within the allocated time for partition 0 of new_orders at offset 0: [7] Request Timed Out: the request exceeded the user-specified time limit in the request
APP 2025/09/09 17:11:06 kafka_service.go:332: kafka-go: no messages received from kafka within the allocated time for partition 2 of new_orders at offset 0: [7] Request Timed Out: the request exceeded the user-specified time limit in the request
APP 2025/09/09 17:11:15 kafka_service.go:332: kafka-go: no messages received from kafka within the allocated time for partition 2 of new_orders at offset 0: [7] Request Timed Out: the request exceeded the user-specified time limit in the request
APP 2025/09/09 17:11:15 kafka_service.go:332: kafka-go: no messages received from kafka within the allocated time for partition 1 of new_orders at offset 0: [7] Request Timed Out: the request exceeded the user-specified time limit in the request
APP 2025/09/09 17:11:15 kafka_service.go:332: kafka-go: no messages received from kafka within the allocated time for partition 0 of new_orders at offset 0: [7] Request Timed Out: the request exceeded the user-specified time limit in the request
APP 2025/09/09 17:11:24 kafka_service.go:332: kafka-go: no messages received from kafka within the allocated time for partition 1 of new_orders at offset 0: [7] Request Timed Out: the request exceeded the user-specified time limit in the request
APP 2025/09/09 17:11:24 kafka_service.go:332: kafka-go: no messages received from kafka within the allocated time for partition 2 of new_orders at offset 0: [7] Request Timed Out: the request exceeded the user-specified time limit in the request
APP 2025/09/09 17:11:24 kafka_service.go:332: kafka-go: no messages received from kafka within the allocated time for partition 0 of new_orders at offset 0: [7] Request Timed Out: the request exceeded the user-specified time limit in the request
APP 2025/09/09 17:11:29 kafka_service.go:332: kafka-go: looking up offset of kafka reader for partition 0 of new_orders: first offset
APP 2025/09/09 17:11:29 kafka_service.go:332: kafka-go: looking up offset of kafka reader for partition 2 of new_orders: first offset
APP 2025/09/09 17:11:29 kafka_service.go:332: kafka-go: looking up offset of kafka reader for partition 1 of new_orders: first offset
APP 2025/09/09 17:11:33 kafka_service.go:332: kafka-go: no messages received from kafka within the allocated time for partition 0 of new_orders at offset 0: [7] Request Timed Out: the request exceeded the user-specified time limit in the request
APP 2025/09/09 17:11:33 kafka_service.go:332: kafka-go: no messages received from kafka within the allocated time for partition 2 of new_orders at offset 0: [7] Request Timed Out: the request exceeded the user-specified time limit in the request
APP 2025/09/09 17:11:33 kafka_service.go:332: kafka-go: no messages received from kafka within the allocated time for partition 1 of new_orders at offset 0: [7] Request Timed Out: the request exceeded the user-specified time limit in the request
APP 2025/09/09 17:11:42 kafka_service.go:332: kafka-go: no messages received from kafka within the allocated time for partition 2 of new_orders at offset 0: [7] Request Timed Out: the request exceeded the user-specified time limit in the request
APP 2025/09/09 17:11:42 kafka_service.go:332: kafka-go: no messages received from kafka within the allocated time for partition 0 of new_orders at offset 0: [7] Request Timed Out: the request exceeded the user-specified time limit in the request
APP 2025/09/09 17:11:42 kafka_service.go:332: kafka-go: no messages received from kafka within the allocated time for partition 1 of new_orders at offset 0: [7] Request Timed Out: the request exceeded the user-specified time limit in the request
APP 2025/09/09 17:11:51 kafka_service.go:332: kafka-go: no messages received from kafka within the allocated time for partition 0 of new_orders at offset 0: [7] Request Timed Out: the request exceeded the user-specified time limit in the request
APP 2025/09/09 17:11:51 kafka_service.go:332: kafka-go: no messages received from kafka within the allocated time for partition 2 of new_orders at offset 0: [7] Request Timed Out: the request exceeded the user-specified time limit in the request
APP 2025/09/09 17:11:51 kafka_service.go:332: kafka-go: no messages received from kafka within the allocated time for partition 1 of new_orders at offset 0: [7] Request Timed Out: the request exceeded the user-specified time limit in the request
APP 2025/09/09 17:12:00 kafka_service.go:332: kafka-go: no messages received from kafka within the allocated time for partition 0 of new_orders at offset 0: [7] Request Timed Out: the request exceeded the user-specified time limit in the request
APP 2025/09/09 17:12:00 kafka_service.go:332: kafka-go: no messages received from kafka within the allocated time for partition 2 of new_orders at offset 0: [7] Request Timed Out: the request exceeded the user-specified time limit in the request
APP 2025/09/09 17:12:00 kafka_service.go:332: kafka-go: no messages received from kafka within the allocated time for partition 1 of new_orders at offset 0: [7] Request Timed Out: the request exceeded the user-specified time limit in the request
APP 2025/09/09 17:12:09 kafka_service.go:332: kafka-go: no messages received from kafka within the allocated time for partition 0 of new_orders at offset 0: [7] Request Timed Out: the request exceeded the user-specified time limit in the request
APP 2025/09/09 17:12:09 kafka_service.go:332: kafka-go: no messages received from kafka within the allocated time for partition 2 of new_orders at offset 0: [7] Request Timed Out: the request exceeded the user-specified time limit in the request
APP 2025/09/09 17:12:09 kafka_service.go:332: kafka-go: no messages received from kafka within the allocated time for partition 1 of new_orders at offset 0: [7] Request Timed Out: the request exceeded the user-specified time limit in the request
APP 2025/09/09 17:12:18 kafka_service.go:332: kafka-go: no messages received from kafka within the allocated time for partition 0 of new_orders at offset 0: [7] Request Timed Out: the request exceeded the user-specified time limit in the request
APP 2025/09/09 17:12:18 kafka_service.go:332: kafka-go: no messages received from kafka within the allocated time for partition 2 of new_orders at offset 0: [7] Request Timed Out: the request exceeded the user-specified time limit in the request
APP 2025/09/09 17:12:18 kafka_service.go:332: kafka-go: no messages received from kafka within the allocated time for partition 1 of new_orders at offset 0: [7] Request Timed Out: the request exceeded the user-specified time limit in the request
APP 2025/09/09 17:12:27 kafka_service.go:332: kafka-go: no messages received from kafka within the allocated time for partition 2 of new_orders at offset 0: [7] Request Timed Out: the request exceeded the user-specified time limit in the request
APP 2025/09/09 17:12:27 kafka_service.go:332: kafka-go: no messages received from kafka within the allocated time for partition 0 of new_orders at offset 0: [7] Request Timed Out: the request exceeded the user-specified time limit in the request
APP 2025/09/09 17:12:27 kafka_service.go:332: kafka-go: no messages received from kafka within the allocated time for partition 1 of new_orders at offset 0: [7] Request Timed Out: the request exceeded the user-specified time limit in the request
APP 2025/09/09 17:12:29 kafka_service.go:332: kafka-go: looking up offset of kafka reader for partition 0 of new_orders: first offset
APP 2025/09/09 17:12:29 kafka_service.go:332: kafka-go: looking up offset of kafka reader for partition 2 of new_orders: first offset
APP 2025/09/09 17:12:29 kafka_service.go:332: kafka-go: looking up offset of kafka reader for partition 1 of new_orders: first offset
APP 2025/09/09 17:12:36 kafka_service.go:332: kafka-go: no messages received from kafka within the allocated time for partition 0 of new_orders at offset 0: [7] Request Timed Out: the request exceeded the user-specified time limit in the request
APP 2025/09/09 17:12:36 kafka_service.go:332: kafka-go: no messages received from kafka within the allocated time for partition 1 of new_orders at offset 0: [7] Request Timed Out: the request exceeded the user-specified time limit in the request
APP 2025/09/09 17:12:36 kafka_service.go:332: kafka-go: no messages received from kafka within the allocated time for partition 2 of new_orders at offset 0: [7] Request Timed Out: the request exceeded the user-specified time limit in the request
APP 2025/09/09 17:12:45 kafka_service.go:332: kafka-go: no messages received from kafka within the allocated time for partition 0 of new_orders at offset 0: [7] Request Timed Out: the request exceeded the user-specified time limit in the request
APP 2025/09/09 17:12:45 kafka_service.go:332: kafka-go: no messages received from kafka within the allocated time for partition 2 of new_orders at offset 0: [7] Request Timed Out: the request exceeded the user-specified time limit in the request
APP 2025/09/09 17:12:45 kafka_service.go:332: kafka-go: no messages received from kafka within the allocated time for partition 1 of new_orders at offset 0: [7] Request Timed Out: the request exceeded the user-specified time limit in the request
APP 2025/09/09 17:12:54 kafka_service.go:332: kafka-go: no messages received from kafka within the allocated time for partition 0 of new_orders at offset 0: [7] Request Timed Out: the request exceeded the user-specified time limit in the request
APP 2025/09/09 17:12:54 kafka_service.go:332: kafka-go: no messages received from kafka within the allocated time for partition 2 of new_orders at offset 0: [7] Request Timed Out: the request exceeded the user-specified time limit in the request
APP 2025/09/09 17:12:54 kafka_service.go:332: kafka-go: no messages received from kafka within the allocated time for partition 1 of new_orders at offset 0: [7] Request Timed Out: the request exceeded the user-specified time limit in the request
APP 2025/09/09 17:13:03 kafka_service.go:332: kafka-go: no messages received from kafka within the allocated time for partition 1 of new_orders at offset 0: [7] Request Timed Out: the request exceeded the user-specified time limit in the request
APP 2025/09/09 17:13:03 kafka_service.go:332: kafka-go: no messages received from kafka within the allocated time for partition 2 of new_orders at offset 0: [7] Request Timed Out: the request exceeded the user-specified time limit in the request
APP 2025/09/09 17:13:03 kafka_service.go:332: kafka-go: no messages received from kafka within the allocated time for partition 0 of new_orders at offset 0: [7] Request Timed Out: the request exceeded the user-specified time limit in the request
APP 2025/09/09 17:13:12 kafka_service.go:332: kafka-go: no messages received from kafka within the allocated time for partition 1 of new_orders at offset 0: [7] Request Timed Out: the request exceeded the user-specified time limit in the request
APP 2025/09/09 17:13:12 kafka_service.go:332: kafka-go: no messages received from kafka within the allocated time for partition 0 of new_orders at offset 0: [7] Request Timed Out: the request exceeded the user-specified time limit in the request
APP 2025/09/09 17:13:12 kafka_service.go:332: kafka-go: no messages received from kafka within the allocated time for partition 2 of new_orders at offset 0: [7] Request Timed Out: the request exceeded the user-specified time limit in the request
APP 2025/09/09 17:13:21 kafka_service.go:332: kafka-go: no messages received from kafka within the allocated time for partition 1 of new_orders at offset 0: [7] Request Timed Out: the request exceeded the user-specified time limit in the request
APP 2025/09/09 17:13:21 kafka_service.go:332: kafka-go: no messages received from kafka within the allocated time for partition 0 of new_orders at offset 0: [7] Request Timed Out: the request exceeded the user-specified time limit in the request
APP 2025/09/09 17:13:21 kafka_service.go:332: kafka-go: no messages received from kafka within the allocated time for partition 2 of new_orders at offset 0: [7] Request Timed Out: the request exceeded the user-specified time limit in the request
APP 2025/09/09 17:13:29 kafka_service.go:332: kafka-go: looking up offset of kafka reader for partition 0 of new_orders: first offset
APP 2025/09/09 17:13:29 kafka_service.go:332: kafka-go: looking up offset of kafka reader for partition 1 of new_orders: first offset
APP 2025/09/09 17:13:29 kafka_service.go:332: kafka-go: looking up offset of kafka reader for partition 2 of new_orders: first offset
APP 2025/09/09 17:13:30 kafka_service.go:332: kafka-go: no messages received from kafka within the allocated time for partition 0 of new_orders at offset 0: [7] Request Timed Out: the request exceeded the user-specified time limit in the request
APP 2025/09/09 17:13:30 kafka_service.go:332: kafka-go: no messages received from kafka within the allocated time for partition 1 of new_orders at offset 0: [7] Request Timed Out: the request exceeded the user-specified time limit in the request
APP 2025/09/09 17:13:30 kafka_service.go:332: kafka-go: no messages received from kafka within the allocated time for partition 2 of new_orders at offset 0: [7] Request Timed Out: the request exceeded the user-specified time limit in the request
APP 2025/09/09 17:13:39 kafka_service.go:332: kafka-go: no messages received from kafka within the allocated time for partition 2 of new_orders at offset 0: [7] Request Timed Out: the request exceeded the user-specified time limit in the request
APP 2025/09/09 17:13:39 kafka_service.go:332: kafka-go: no messages received from kafka within the allocated time for partition 0 of new_orders at offset 0: [7] Request Timed Out: the request exceeded the user-specified time limit in the request
APP 2025/09/09 17:13:39 kafka_service.go:332: kafka-go: no messages received from kafka within the allocated time for partition 1 of new_orders at offset 0: [7] Request Timed Out: the request exceeded the user-specified time limit in the request
APP 2025/09/09 17:13:48 kafka_service.go:332: kafka-go: no messages received from kafka within the allocated time for partition 0 of new_orders at offset 0: [7] Request Timed Out: the request exceeded the user-specified time limit in the request
APP 2025/09/09 17:13:48 kafka_service.go:332: kafka-go: no messages received from kafka within the allocated time for partition 2 of new_orders at offset 0: [7] Request Timed Out: the request exceeded the user-specified time limit in the request
APP 2025/09/09 17:13:48 kafka_service.go:332: kafka-go: no messages received from kafka within the allocated time for partition 1 of new_orders at offset 0: [7] Request Timed Out: the request exceeded the user-specified time limit in the request
APP 2025/09/09 17:13:57 kafka_service.go:332: kafka-go: no messages received from kafka within the allocated time for partition 1 of new_orders at offset 0: [7] Request Timed Out: the request exceeded the user-specified time limit in the request
APP 2025/09/09 17:13:57 kafka_service.go:332: kafka-go: no messages received from kafka within the allocated time for partition 2 of new_orders at offset 0: [7] Request Timed Out: the request exceeded the user-specified time limit in the request
APP 2025/09/09 17:13:57 kafka_service.go:332: kafka-go: no messages received from kafka within the allocated time for partition 0 of new_orders at offset 0: [7] Request Timed Out: the request exceeded the user-specified time limit in the request
APP 2025/09/09 17:14:06 kafka_service.go:332: kafka-go: no messages received from kafka within the allocated time for partition 0 of new_orders at offset 0: [7] Request Timed Out: the request exceeded the user-specified time limit in the request
APP 2025/09/09 17:14:06 kafka_service.go:332: kafka-go: no messages received from kafka within the allocated time for partition 1 of new_orders at offset 0: [7] Request Timed Out: the request exceeded the user-specified time limit in the request
APP 2025/09/09 17:14:06 kafka_service.go:332: kafka-go: no messages received from kafka within the allocated time for partition 2 of new_orders at offset 0: [7] Request Timed Out: the request exceeded the user-specified time limit in the request
APP 2025/09/09 17:14:15 kafka_service.go:332: kafka-go: no messages received from kafka within the allocated time for partition 1 of new_orders at offset 0: [7] Request Timed Out: the request exceeded the user-specified time limit in the request
APP 2025/09/09 17:14:15 kafka_service.go:332: kafka-go: no messages received from kafka within the allocated time for partition 0 of new_orders at offset 0: [7] Request Timed Out: the request exceeded the user-specified time limit in the request
APP 2025/09/09 17:14:15 kafka_service.go:332: kafka-go: no messages received from kafka within the allocated time for partition 2 of new_orders at offset 0: [7] Request Timed Out: the request exceeded the user-specified time limit in the request
APP 2025/09/09 17:14:24 kafka_service.go:332: kafka-go: no messages received from kafka within the allocated time for partition 1 of new_orders at offset 0: [7] Request Timed Out: the request exceeded the user-specified time limit in the request
APP 2025/09/09 17:14:24 kafka_service.go:332: kafka-go: no messages received from kafka within the allocated time for partition 2 of new_orders at offset 0: [7] Request Timed Out: the request exceeded the user-specified time limit in the request
APP 2025/09/09 17:14:24 kafka_service.go:332: kafka-go: no messages received from kafka within the allocated time for partition 0 of new_orders at offset 0: [7] Request Timed Out: the request exceeded the user-specified time limit in the request
APP 2025/09/09 17:14:29 kafka_service.go:332: kafka-go: looking up offset of kafka reader for partition 0 of new_orders: first offset
APP 2025/09/09 17:14:29 kafka_service.go:332: kafka-go: looking up offset of kafka reader for partition 1 of new_orders: first offset
APP 2025/09/09 17:14:29 kafka_service.go:332: kafka-go: looking up offset of kafka reader for partition 2 of new_orders: first offset
APP 2025/09/09 17:14:33 kafka_service.go:332: kafka-go: no messages received from kafka within the allocated time for partition 0 of new_orders at offset 0: [7] Request Timed Out: the request exceeded the user-specified time limit in the request
APP 2025/09/09 17:14:33 kafka_service.go:332: kafka-go: no messages received from kafka within the allocated time for partition 1 of new_orders at offset 0: [7] Request Timed Out: the request exceeded the user-specified time limit in the request
APP 2025/09/09 17:14:33 kafka_service.go:332: kafka-go: no messages received from kafka within the allocated time for partition 2 of new_orders at offset 0: [7] Request Timed Out: the request exceeded the user-specified time limit in the request
APP 2025/09/09 17:14:42 kafka_service.go:332: kafka-go: no messages received from kafka within the allocated time for partition 0 of new_orders at offset 0: [7] Request Timed Out: the request exceeded the user-specified time limit in the request
APP 2025/09/09 17:14:42 kafka_service.go:332: kafka-go: no messages received from kafka within the allocated time for partition 1 of new_orders at offset 0: [7] Request Timed Out: the request exceeded the user-specified time limit in the request
APP 2025/09/09 17:14:42 kafka_service.go:332: kafka-go: no messages received from kafka within the allocated time for partition 2 of new_orders at offset 0: [7] Request Timed Out: the request exceeded the user-specified time limit in the request
APP 2025/09/09 17:14:51 kafka_service.go:332: kafka-go: no messages received from kafka within the allocated time for partition 1 of new_orders at offset 0: [7] Request Timed Out: the request exceeded the user-specified time limit in the request
APP 2025/09/09 17:14:51 kafka_service.go:332: kafka-go: no messages received from kafka within the allocated time for partition 0 of new_orders at offset 0: [7] Request Timed Out: the request exceeded the user-specified time limit in the request
APP 2025/09/09 17:14:51 kafka_service.go:332: kafka-go: no messages received from kafka within the allocated time for partition 2 of new_orders at offset 0: [7] Request Timed Out: the request exceeded the user-specified time limit in the request
APP 2025/09/09 17:15:00 kafka_service.go:332: kafka-go: no messages received from kafka within the allocated time for partition 1 of new_orders at offset 0: [7] Request Timed Out: the request exceeded the user-specified time limit in the request
APP 2025/09/09 17:15:00 kafka_service.go:332: kafka-go: no messages received from kafka within the allocated time for partition 0 of new_orders at offset 0: [7] Request Timed Out: the request exceeded the user-specified time limit in the request
APP 2025/09/09 17:15:00 kafka_service.go:332: kafka-go: no messages received from kafka within the allocated time for partition 2 of new_orders at offset 0: [7] Request Timed Out: the request exceeded the user-specified time limit in the request
APP 2025/09/09 17:15:09 kafka_service.go:332: kafka-go: no messages received from kafka within the allocated time for partition 2 of new_orders at offset 0: [7] Request Timed Out: the request exceeded the user-specified time limit in the request
APP 2025/09/09 17:15:09 kafka_service.go:332: kafka-go: no messages received from kafka within the allocated time for partition 0 of new_orders at offset 0: [7] Request Timed Out: the request exceeded the user-specified time limit in the request
APP 2025/09/09 17:15:09 kafka_service.go:332: kafka-go: no messages received from kafka within the allocated time for partition 1 of new_orders at offset 0: [7] Request Timed Out: the request exceeded the user-specified time limit in the request
APP 2025/09/09 17:15:18 kafka_service.go:332: kafka-go: no messages received from kafka within the allocated time for partition 1 of new_orders at offset 0: [7] Request Timed Out: the request exceeded the user-specified time limit in the request
APP 2025/09/09 17:15:18 kafka_service.go:332: kafka-go: no messages received from kafka within the allocated time for partition 0 of new_orders at offset 0: [7] Request Timed Out: the request exceeded the user-specified time limit in the request
APP 2025/09/09 17:15:18 kafka_service.go:332: kafka-go: no messages received from kafka within the allocated time for partition 2 of new_orders at offset 0: [7] Request Timed Out: the request exceeded the user-specified time limit in the request
APP 2025/09/09 17:15:27 kafka_service.go:332: kafka-go: no messages received from kafka within the allocated time for partition 0 of new_orders at offset 0: [7] Request Timed Out: the request exceeded the user-specified time limit in the request
APP 2025/09/09 17:15:27 kafka_service.go:332: kafka-go: no messages received from kafka within the allocated time for partition 1 of new_orders at offset 0: [7] Request Timed Out: the request exceeded the user-specified time limit in the request
APP 2025/09/09 17:15:27 kafka_service.go:332: kafka-go: no messages received from kafka within the allocated time for partition 2 of new_orders at offset 0: [7] Request Timed Out: the request exceeded the user-specified time limit in the request
APP 2025/09/09 17:15:29 kafka_service.go:332: kafka-go: looking up offset of kafka reader for partition 0 of new_orders: first offset
APP 2025/09/09 17:15:29 kafka_service.go:332: kafka-go: looking up offset of kafka reader for partition 1 of new_orders: first offset
APP 2025/09/09 17:15:29 kafka_service.go:332: kafka-go: looking up offset of kafka reader for partition 2 of new_orders: first offset
APP 2025/09/09 17:15:36 kafka_service.go:332: kafka-go: no messages received from kafka within the allocated time for partition 2 of new_orders at offset 0: [7] Request Timed Out: the request exceeded the user-specified time limit in the request
APP 2025/09/09 17:15:36 kafka_service.go:332: kafka-go: no messages received from kafka within the allocated time for partition 0 of new_orders at offset 0: [7] Request Timed Out: the request exceeded the user-specified time limit in the request
APP 2025/09/09 17:15:36 kafka_service.go:332: kafka-go: no messages received from kafka within the allocated time for partition 1 of new_orders at offset 0: [7] Request Timed Out: the request exceeded the user-specified time limit in the request
APP 2025/09/09 17:15:45 kafka_service.go:332: kafka-go: no messages received from kafka within the allocated time for partition 1 of new_orders at offset 0: [7] Request Timed Out: the request exceeded the user-specified time limit in the request
APP 2025/09/09 17:15:45 kafka_service.go:332: kafka-go: no messages received from kafka within the allocated time for partition 2 of new_orders at offset 0: [7] Request Timed Out: the request exceeded the user-specified time limit in the request
APP 2025/09/09 17:15:45 kafka_service.go:332: kafka-go: no messages received from kafka within the allocated time for partition 0 of new_orders at offset 0: [7] Request Timed Out: the request exceeded the user-specified time limit in the request
APP 2025/09/09 17:15:54 kafka_service.go:332: kafka-go: no messages received from kafka within the allocated time for partition 0 of new_orders at offset 0: [7] Request Timed Out: the request exceeded the user-specified time limit in the request
APP 2025/09/09 17:15:54 kafka_service.go:332: kafka-go: no messages received from kafka within the allocated time for partition 2 of new_orders at offset 0: [7] Request Timed Out: the request exceeded the user-specified time limit in the request
APP 2025/09/09 17:15:54 kafka_service.go:332: kafka-go: no messages received from kafka within the allocated time for partition 1 of new_orders at offset 0: [7] Request Timed Out: the request exceeded the user-specified time limit in the request
APP 2025/09/09 17:16:03 kafka_service.go:332: kafka-go: no messages received from kafka within the allocated time for partition 1 of new_orders at offset 0: [7] Request Timed Out: the request exceeded the user-specified time limit in the request
APP 2025/09/09 17:16:03 kafka_service.go:332: kafka-go: no messages received from kafka within the allocated time for partition 2 of new_orders at offset 0: [7] Request Timed Out: the request exceeded the user-specified time limit in the request
APP 2025/09/09 17:16:03 kafka_service.go:332: kafka-go: no messages received from kafka within the allocated time for partition 0 of new_orders at offset 0: [7] Request Timed Out: the request exceeded the user-specified time limit in the request
APP 2025/09/09 17:16:12 kafka_service.go:332: kafka-go: no messages received from kafka within the allocated time for partition 1 of new_orders at offset 0: [7] Request Timed Out: the request exceeded the user-specified time limit in the request
APP 2025/09/09 17:16:12 kafka_service.go:332: kafka-go: no messages received from kafka within the allocated time for partition 0 of new_orders at offset 0: [7] Request Timed Out: the request exceeded the user-specified time limit in the request
APP 2025/09/09 17:16:12 kafka_service.go:332: kafka-go: no messages received from kafka within the allocated time for partition 2 of new_orders at offset 0: [7] Request Timed Out: the request exceeded the user-specified time limit in the request
APP 2025/09/09 17:16:21 kafka_service.go:332: kafka-go: no messages received from kafka within the allocated time for partition 2 of new_orders at offset 0: [7] Request Timed Out: the request exceeded the user-specified time limit in the request
APP 2025/09/09 17:16:21 kafka_service.go:332: kafka-go: no messages received from kafka within the allocated time for partition 1 of new_orders at offset 0: [7] Request Timed Out: the request exceeded the user-specified time limit in the request
APP 2025/09/09 17:16:21 kafka_service.go:332: kafka-go: no messages received from kafka within the allocated time for partition 0 of new_orders at offset 0: [7] Request Timed Out: the request exceeded the user-specified time limit in the request
APP 2025/09/09 17:16:29 kafka_service.go:332: kafka-go: looking up offset of kafka reader for partition 0 of new_orders: first offset
APP 2025/09/09 17:16:29 kafka_service.go:332: kafka-go: looking up offset of kafka reader for partition 1 of new_orders: first offset
APP 2025/09/09 17:16:29 kafka_service.go:332: kafka-go: looking up offset of kafka reader for partition 2 of new_orders: first offset
APP 2025/09/09 17:16:30 kafka_service.go:332: kafka-go: no messages received from kafka within the allocated time for partition 1 of new_orders at offset 0: [7] Request Timed Out: the request exceeded the user-specified time limit in the request
APP 2025/09/09 17:16:30 kafka_service.go:332: kafka-go: no messages received from kafka within the allocated time for partition 0 of new_orders at offset 0: [7] Request Timed Out: the request exceeded the user-specified time limit in the request
APP 2025/09/09 17:16:30 kafka_service.go:332: kafka-go: no messages received from kafka within the allocated time for partition 2 of new_orders at offset 0: [7] Request Timed Out: the request exceeded the user-specified time limit in the request
APP 2025/09/09 17:16:39 kafka_service.go:332: kafka-go: no messages received from kafka within the allocated time for partition 0 of new_orders at offset 0: [7] Request Timed Out: the request exceeded the user-specified time limit in the request
APP 2025/09/09 17:16:39 kafka_service.go:332: kafka-go: no messages received from kafka within the allocated time for partition 2 of new_orders at offset 0: [7] Request Timed Out: the request exceeded the user-specified time limit in the request
APP 2025/09/09 17:16:39 kafka_service.go:332: kafka-go: no messages received from kafka within the allocated time for partition 1 of new_orders at offset 0: [7] Request Timed Out: the request exceeded the user-specified time limit in the request
APP 2025/09/09 17:16:48 kafka_service.go:332: kafka-go: no messages received from kafka within the allocated time for partition 2 of new_orders at offset 0: [7] Request Timed Out: the request exceeded the user-specified time limit in the request
APP 2025/09/09 17:16:48 kafka_service.go:332: kafka-go: no messages received from kafka within the allocated time for partition 1 of new_orders at offset 0: [7] Request Timed Out: the request exceeded the user-specified time limit in the request
APP 2025/09/09 17:16:48 kafka_service.go:332: kafka-go: no messages received from kafka within the allocated time for partition 0 of new_orders at offset 0: [7] Request Timed Out: the request exceeded the user-specified time limit in the request
APP 2025/09/09 17:16:57 kafka_service.go:332: kafka-go: no messages received from kafka within the allocated time for partition 2 of new_orders at offset 0: [7] Request Timed Out: the request exceeded the user-specified time limit in the request
APP 2025/09/09 17:16:57 kafka_service.go:332: kafka-go: no messages received from kafka within the allocated time for partition 1 of new_orders at offset 0: [7] Request Timed Out: the request exceeded the user-specified time limit in the request
APP 2025/09/09 17:16:57 kafka_service.go:332: kafka-go: no messages received from kafka within the allocated time for partition 0 of new_orders at offset 0: [7] Request Timed Out: the request exceeded the user-specified time limit in the request
APP 2025/09/09 17:17:06 kafka_service.go:332: kafka-go: no messages received from kafka within the allocated time for partition 2 of new_orders at offset 0: [7] Request Timed Out: the request exceeded the user-specified time limit in the request
APP 2025/09/09 17:17:06 kafka_service.go:332: kafka-go: no messages received from kafka within the allocated time for partition 0 of new_orders at offset 0: [7] Request Timed Out: the request exceeded the user-specified time limit in the request
APP 2025/09/09 17:17:06 kafka_service.go:332: kafka-go: no messages received from kafka within the allocated time for partition 1 of new_orders at offset 0: [7] Request Timed Out: the request exceeded the user-specified time limit in the request
APP 2025/09/09 17:17:15 kafka_service.go:332: kafka-go: no messages received from kafka within the allocated time for partition 2 of new_orders at offset 0: [7] Request Timed Out: the request exceeded the user-specified time limit in the request
APP 2025/09/09 17:17:15 kafka_service.go:332: kafka-go: no messages received from kafka within the allocated time for partition 0 of new_orders at offset 0: [7] Request Timed Out: the request exceeded the user-specified time limit in the request
APP 2025/09/09 17:17:15 kafka_service.go:332: kafka-go: no messages received from kafka within the allocated time for partition 1 of new_orders at offset 0: [7] Request Timed Out: the request exceeded the user-specified time limit in the request
APP 2025/09/09 17:17:24 kafka_service.go:332: kafka-go: no messages received from kafka within the allocated time for partition 0 of new_orders at offset 0: [7] Request Timed Out: the request exceeded the user-specified time limit in the request
APP 2025/09/09 17:17:24 kafka_service.go:332: kafka-go: no messages received from kafka within the allocated time for partition 2 of new_orders at offset 0: [7] Request Timed Out: the request exceeded the user-specified time limit in the request
APP 2025/09/09 17:17:24 kafka_service.go:332: kafka-go: no messages received from kafka within the allocated time for partition 1 of new_orders at offset 0: [7] Request Timed Out: the request exceeded the user-specified time limit in the request
APP 2025/09/09 17:17:29 kafka_service.go:332: kafka-go: looking up offset of kafka reader for partition 2 of new_orders: first offset
APP 2025/09/09 17:17:29 kafka_service.go:332: kafka-go: looking up offset of kafka reader for partition 0 of new_orders: first offset
APP 2025/09/09 17:17:29 kafka_service.go:332: kafka-go: looking up offset of kafka reader for partition 1 of new_orders: first offset
APP 2025/09/09 17:17:33 kafka_service.go:332: kafka-go: no messages received from kafka within the allocated time for partition 0 of new_orders at offset 0: [7] Request Timed Out: the request exceeded the user-specified time limit in the request
APP 2025/09/09 17:17:33 kafka_service.go:332: kafka-go: no messages received from kafka within the allocated time for partition 1 of new_orders at offset 0: [7] Request Timed Out: the request exceeded the user-specified time limit in the request
APP 2025/09/09 17:17:33 kafka_service.go:332: kafka-go: no messages received from kafka within the allocated time for partition 2 of new_orders at offset 0: [7] Request Timed Out: the request exceeded the user-specified time limit in the request
APP 2025/09/09 17:17:42 kafka_service.go:332: kafka-go: no messages received from kafka within the allocated time for partition 2 of new_orders at offset 0: [7] Request Timed Out: the request exceeded the user-specified time limit in the request
APP 2025/09/09 17:17:42 kafka_service.go:332: kafka-go: no messages received from kafka within the allocated time for partition 0 of new_orders at offset 0: [7] Request Timed Out: the request exceeded the user-specified time limit in the request
APP 2025/09/09 17:17:42 kafka_service.go:332: kafka-go: no messages received from kafka within the allocated time for partition 1 of new_orders at offset 0: [7] Request Timed Out: the request exceeded the user-specified time limit in the request
APP 2025/09/09 17:17:51 kafka_service.go:332: kafka-go: no messages received from kafka within the allocated time for partition 2 of new_orders at offset 0: [7] Request Timed Out: the request exceeded the user-specified time limit in the request
APP 2025/09/09 17:17:51 kafka_service.go:332: kafka-go: no messages received from kafka within the allocated time for partition 0 of new_orders at offset 0: [7] Request Timed Out: the request exceeded the user-specified time limit in the request
APP 2025/09/09 17:17:51 kafka_service.go:332: kafka-go: no messages received from kafka within the allocated time for partition 1 of new_orders at offset 0: [7] Request Timed Out: the request exceeded the user-specified time limit in the request
APP 2025/09/09 17:18:00 kafka_service.go:332: kafka-go: no messages received from kafka within the allocated time for partition 1 of new_orders at offset 0: [7] Request Timed Out: the request exceeded the user-specified time limit in the request
APP 2025/09/09 17:18:00 kafka_service.go:332: kafka-go: no messages received from kafka within the allocated time for partition 2 of new_orders at offset 0: [7] Request Timed Out: the request exceeded the user-specified time limit in the request
APP 2025/09/09 17:18:00 kafka_service.go:332: kafka-go: no messages received from kafka within the allocated time for partition 0 of new_orders at offset 0: [7] Request Timed Out: the request exceeded the user-specified time limit in the request
APP 2025/09/09 17:18:09 kafka_service.go:332: kafka-go: no messages received from kafka within the allocated time for partition 2 of new_orders at offset 0: [7] Request Timed Out: the request exceeded the user-specified time limit in the request
APP 2025/09/09 17:18:09 kafka_service.go:332: kafka-go: no messages received from kafka within the allocated time for partition 0 of new_orders at offset 0: [7] Request Timed Out: the request exceeded the user-specified time limit in the request
APP 2025/09/09 17:18:09 kafka_service.go:332: kafka-go: no messages received from kafka within the allocated time for partition 1 of new_orders at offset 0: [7] Request Timed Out: the request exceeded the user-specified time limit in the request
APP 2025/09/09 17:18:18 kafka_service.go:332: kafka-go: no messages received from kafka within the allocated time for partition 2 of new_orders at offset 0: [7] Request Timed Out: the request exceeded the user-specified time limit in the request
APP 2025/09/09 17:18:18 kafka_service.go:332: kafka-go: no messages received from kafka within the allocated time for partition 0 of new_orders at offset 0: [7] Request Timed Out: the request exceeded the user-specified time limit in the request
APP 2025/09/09 17:18:18 kafka_service.go:332: kafka-go: no messages received from kafka within the allocated time for partition 1 of new_orders at offset 0: [7] Request Timed Out: the request exceeded the user-specified time limit in the request
APP 2025/09/09 17:18:25 kafka_service.go:391: kafka: direct received p=1 offset=0 key="d9b0c638-b6c0-4947-a046-43896514aef7" bytes=247 headers=-
APP 2025/09/09 17:18:25 kafka_service.go:392: kafka: raw new order message preview: {"instrument":{"security_exchange":"BTC_MARKET","symbol":"BTC-USD"},"user_token":"user_42","new_order_single":{"side":"2","order_type":"2","price":110000,"order_qty":100,"time_in_force":"0"},"orig_cl_ord_id":"d9b0c638-b6c0-4947-a046-43896514aef7"}
APP 2025/09/09 17:18:25 kafka_service.go:400: kafka: processing order token=user_42 sym=BTC-USD exch=BTC_MARKET qty=100 px=110000 side=2
APP 2025/09/09 17:18:25 kafka_service.go:291: kafka: sending FIX order clOrdID=d9b0c638-b6c0-4947-a046-43896514aef7 sym=BTC-USD exch=BTC_MARKET
APP 2025/09/09 17:18:25 kafka_service.go:124: kafka: exec report count 1 struct before serialize: {Instrument:{SecurityExchange:BTC_MARKET Symbol:BTC-USD} OrderStatusField:0 OrigClOrdId: OrderId:d9b0c638-b6c0-4947-a046-43896514aef7 Side:2 OrderQty:100 CumQty:0 LeavesQty:100 ExecId:1000001 Price:110000 StopPx:0 LastPx:0 LastQty:0 AvgPx:0}
APP 2025/09/09 17:18:25 kafka_service.go:441: kafka: published exec batch n=1 topic=execution_report
APP MD update BTC_MARKET/BTC-USD type=0 price=0 size=0
APP MD update BTC_MARKET/BTC-USD type=0 price=0 size=0
APP MD update BTC_MARKET/BTC-USD type=0 price=0 size=0
APP MD update BTC_MARKET/BTC-USD type=0 price=0 size=0
APP MD update BTC_MARKET/BTC-USD type=0 price=0 size=0
APP MD update BTC_MARKET/BTC-USD type=1 price=110000 size=100
APP MD update BTC_MARKET/BTC-USD type=1 price=0 size=0
APP MD update BTC_MARKET/BTC-USD type=1 price=0 size=0
APP MD update BTC_MARKET/BTC-USD type=1 price=0 size=0
APP MD update BTC_MARKET/BTC-USD type=1 price=0 size=0
APP MD update BTC_MARKET/BTC-USD type=4 price=10100 size=0
APP 2025/09/09 17:18:27 kafka_service.go:332: kafka-go: no messages received from kafka within the allocated time for partition 0 of new_orders at offset 0: [7] Request Timed Out: the request exceeded the user-specified time limit in the request
APP 2025/09/09 17:18:27 kafka_service.go:332: kafka-go: no messages received from kafka within the allocated time for partition 2 of new_orders at offset 0: [7] Request Timed Out: the request exceeded the user-specified time limit in the request
APP 2025/09/09 17:18:29 kafka_service.go:332: kafka-go: looking up offset of kafka reader for partition 2 of new_orders: first offset
APP 2025/09/09 17:18:29 kafka_service.go:332: kafka-go: looking up offset of kafka reader for partition 1 of new_orders: 1
APP 2025/09/09 17:18:29 kafka_service.go:332: kafka-go: looking up offset of kafka reader for partition 0 of new_orders: first offset
APP 2025/09/09 17:18:34 kafka_service.go:332: kafka-go: no messages received from kafka within the allocated time for partition 1 of new_orders at offset 1: [7] Request Timed Out: the request exceeded the user-specified time limit in the request
APP 2025/09/09 17:18:36 kafka_service.go:332: kafka-go: no messages received from kafka within the allocated time for partition 2 of new_orders at offset 0: [7] Request Timed Out: the request exceeded the user-specified time limit in the request
APP 2025/09/09 17:18:36 kafka_service.go:332: kafka-go: no messages received from kafka within the allocated time for partition 0 of new_orders at offset 0: [7] Request Timed Out: the request exceeded the user-specified time limit in the request
APP 2025/09/09 17:18:43 kafka_service.go:332: kafka-go: no messages received from kafka within the allocated time for partition 1 of new_orders at offset 1: [7] Request Timed Out: the request exceeded the user-specified time limit in the request
[GIN] 2025/09/09 - 17:18:43 | 200 |     124.084µs |       127.0.0.1 | POST     "/order_status_request"
APP 2025/09/09 17:18:45 kafka_service.go:332: kafka-go: no messages received from kafka within the allocated time for partition 0 of new_orders at offset 0: [7] Request Timed Out: the request exceeded the user-specified time limit in the request
APP 2025/09/09 17:18:45 kafka_service.go:332: kafka-go: no messages received from kafka within the allocated time for partition 2 of new_orders at offset 0: [7] Request Timed Out: the request exceeded the user-specified time limit in the request
APP 2025/09/09 17:18:52 kafka_service.go:332: kafka-go: no messages received from kafka within the allocated time for partition 1 of new_orders at offset 1: [7] Request Timed Out: the request exceeded the user-specified time limit in the request
APP 2025/09/09 17:18:54 kafka_service.go:332: kafka-go: no messages received from kafka within the allocated time for partition 0 of new_orders at offset 0: [7] Request Timed Out: the request exceeded the user-specified time limit in the request
APP 2025/09/09 17:18:54 kafka_service.go:332: kafka-go: no messages received from kafka within the allocated time for partition 2 of new_orders at offset 0: [7] Request Timed Out: the request exceeded the user-specified time limit in the request
APP 2025/09/09 17:19:01 kafka_service.go:332: kafka-go: no messages received from kafka within the allocated time for partition 1 of new_orders at offset 1: [7] Request Timed Out: the request exceeded the user-specified time limit in the request
APP 2025/09/09 17:19:03 kafka_service.go:332: kafka-go: no messages received from kafka within the allocated time for partition 0 of new_orders at offset 0: [7] Request Timed Out: the request exceeded the user-specified time limit in the request
APP 2025/09/09 17:19:03 kafka_service.go:332: kafka-go: no messages received from kafka within the allocated time for partition 2 of new_orders at offset 0: [7] Request Timed Out: the request exceeded the user-specified time limit in the request
APP 2025/09/09 17:19:10 kafka_service.go:332: kafka-go: no messages received from kafka within the allocated time for partition 1 of new_orders at offset 1: [7] Request Timed Out: the request exceeded the user-specified time limit in the request
APP 2025/09/09 17:19:12 kafka_service.go:332: kafka-go: no messages received from kafka within the allocated time for partition 2 of new_orders at offset 0: [7] Request Timed Out: the request exceeded the user-specified time limit in the request
APP 2025/09/09 17:19:12 kafka_service.go:332: kafka-go: no messages received from kafka within the allocated time for partition 0 of new_orders at offset 0: [7] Request Timed Out: the request exceeded the user-specified time limit in the request
APP 2025/09/09 17:19:19 kafka_service.go:332: kafka-go: no messages received from kafka within the allocated time for partition 1 of new_orders at offset 1: [7] Request Timed Out: the request exceeded the user-specified time limit in the request
APP 2025/09/09 17:19:21 kafka_service.go:332: kafka-go: no messages received from kafka within the allocated time for partition 2 of new_orders at offset 0: [7] Request Timed Out: the request exceeded the user-specified time limit in the request
APP 2025/09/09 17:19:21 kafka_service.go:332: kafka-go: no messages received from kafka within the allocated time for partition 0 of new_orders at offset 0: [7] Request Timed Out: the request exceeded the user-specified time limit in the request
APP 2025/09/09 17:19:28 kafka_service.go:332: kafka-go: no messages received from kafka within the allocated time for partition 1 of new_orders at offset 1: [7] Request Timed Out: the request exceeded the user-specified time limit in the request
APP 2025/09/09 17:19:29 kafka_service.go:332: kafka-go: looking up offset of kafka reader for partition 1 of new_orders: 1
APP 2025/09/09 17:19:29 kafka_service.go:332: kafka-go: looking up offset of kafka reader for partition 0 of new_orders: first offset
APP 2025/09/09 17:19:29 kafka_service.go:332: kafka-go: looking up offset of kafka reader for partition 2 of new_orders: first offset
APP 2025/09/09 17:19:30 kafka_service.go:332: kafka-go: no messages received from kafka within the allocated time for partition 2 of new_orders at offset 0: [7] Request Timed Out: the request exceeded the user-specified time limit in the request
APP 2025/09/09 17:19:30 kafka_service.go:332: kafka-go: no messages received from kafka within the allocated time for partition 0 of new_orders at offset 0: [7] Request Timed Out: the request exceeded the user-specified time limit in the request
APP 2025/09/09 17:19:37 kafka_service.go:332: kafka-go: no messages received from kafka within the allocated time for partition 1 of new_orders at offset 1: [7] Request Timed Out: the request exceeded the user-specified time limit in the request
APP 2025/09/09 17:19:39 kafka_service.go:332: kafka-go: no messages received from kafka within the allocated time for partition 0 of new_orders at offset 0: [7] Request Timed Out: the request exceeded the user-specified time limit in the request
APP 2025/09/09 17:19:39 kafka_service.go:332: kafka-go: no messages received from kafka within the allocated time for partition 2 of new_orders at offset 0: [7] Request Timed Out: the request exceeded the user-specified time limit in the request
APP 2025/09/09 17:19:46 kafka_service.go:332: kafka-go: no messages received from kafka within the allocated time for partition 1 of new_orders at offset 1: [7] Request Timed Out: the request exceeded the user-specified time limit in the request
APP 2025/09/09 17:19:48 kafka_service.go:332: kafka-go: no messages received from kafka within the allocated time for partition 2 of new_orders at offset 0: [7] Request Timed Out: the request exceeded the user-specified time limit in the request
APP 2025/09/09 17:19:48 kafka_service.go:332: kafka-go: no messages received from kafka within the allocated time for partition 0 of new_orders at offset 0: [7] Request Timed Out: the request exceeded the user-specified time limit in the request
APP 2025/09/09 17:19:55 kafka_service.go:332: kafka-go: no messages received from kafka within the allocated time for partition 1 of new_orders at offset 1: [7] Request Timed Out: the request exceeded the user-specified time limit in the request
APP 2025/09/09 17:19:57 kafka_service.go:332: kafka-go: no messages received from kafka within the allocated time for partition 0 of new_orders at offset 0: [7] Request Timed Out: the request exceeded the user-specified time limit in the request
APP 2025/09/09 17:19:57 kafka_service.go:332: kafka-go: no messages received from kafka within the allocated time for partition 2 of new_orders at offset 0: [7] Request Timed Out: the request exceeded the user-specified time limit in the request
APP 2025/09/09 17:20:04 kafka_service.go:332: kafka-go: no messages received from kafka within the allocated time for partition 1 of new_orders at offset 1: [7] Request Timed Out: the request exceeded the user-specified time limit in the request
APP 2025/09/09 17:20:06 kafka_service.go:332: kafka-go: no messages received from kafka within the allocated time for partition 2 of new_orders at offset 0: [7] Request Timed Out: the request exceeded the user-specified time limit in the request
APP 2025/09/09 17:20:06 kafka_service.go:332: kafka-go: no messages received from kafka within the allocated time for partition 0 of new_orders at offset 0: [7] Request Timed Out: the request exceeded the user-specified time limit in the request
APP 2025/09/09 17:20:13 kafka_service.go:332: kafka-go: no messages received from kafka within the allocated time for partition 1 of new_orders at offset 1: [7] Request Timed Out: the request exceeded the user-specified time limit in the request
APP 2025/09/09 17:20:15 kafka_service.go:332: kafka-go: no messages received from kafka within the allocated time for partition 2 of new_orders at offset 0: [7] Request Timed Out: the request exceeded the user-specified time limit in the request
APP 2025/09/09 17:20:15 kafka_service.go:332: kafka-go: no messages received from kafka within the allocated time for partition 0 of new_orders at offset 0: [7] Request Timed Out: the request exceeded the user-specified time limit in the request
APP 2025/09/09 17:20:22 kafka_service.go:332: kafka-go: no messages received from kafka within the allocated time for partition 1 of new_orders at offset 1: [7] Request Timed Out: the request exceeded the user-specified time limit in the request
APP 2025/09/09 17:20:24 kafka_service.go:332: kafka-go: no messages received from kafka within the allocated time for partition 2 of new_orders at offset 0: [7] Request Timed Out: the request exceeded the user-specified time limit in the request
APP 2025/09/09 17:20:24 kafka_service.go:332: kafka-go: no messages received from kafka within the allocated time for partition 0 of new_orders at offset 0: [7] Request Timed Out: the request exceeded the user-specified time limit in the request
APP 2025/09/09 17:20:29 kafka_service.go:332: kafka-go: looking up offset of kafka reader for partition 1 of new_orders: 1
APP 2025/09/09 17:20:29 kafka_service.go:332: kafka-go: looking up offset of kafka reader for partition 2 of new_orders: first offset
APP 2025/09/09 17:20:29 kafka_service.go:332: kafka-go: looking up offset of kafka reader for partition 0 of new_orders: first offset
APP 2025/09/09 17:20:31 kafka_service.go:332: kafka-go: no messages received from kafka within the allocated time for partition 1 of new_orders at offset 1: [7] Request Timed Out: the request exceeded the user-specified time limit in the request
APP 2025/09/09 17:20:33 kafka_service.go:332: kafka-go: no messages received from kafka within the allocated time for partition 0 of new_orders at offset 0: [7] Request Timed Out: the request exceeded the user-specified time limit in the request
APP 2025/09/09 17:20:33 kafka_service.go:332: kafka-go: no messages received from kafka within the allocated time for partition 2 of new_orders at offset 0: [7] Request Timed Out: the request exceeded the user-specified time limit in the request
APP 2025/09/09 17:20:40 kafka_service.go:332: kafka-go: no messages received from kafka within the allocated time for partition 1 of new_orders at offset 1: [7] Request Timed Out: the request exceeded the user-specified time limit in the request
APP 2025/09/09 17:20:42 kafka_service.go:332: kafka-go: no messages received from kafka within the allocated time for partition 2 of new_orders at offset 0: [7] Request Timed Out: the request exceeded the user-specified time limit in the request
APP 2025/09/09 17:20:42 kafka_service.go:332: kafka-go: no messages received from kafka within the allocated time for partition 0 of new_orders at offset 0: [7] Request Timed Out: the request exceeded the user-specified time limit in the request
APP 2025/09/09 17:20:49 kafka_service.go:332: kafka-go: no messages received from kafka within the allocated time for partition 1 of new_orders at offset 1: [7] Request Timed Out: the request exceeded the user-specified time limit in the request
APP 2025/09/09 17:20:51 kafka_service.go:332: kafka-go: no messages received from kafka within the allocated time for partition 2 of new_orders at offset 0: [7] Request Timed Out: the request exceeded the user-specified time limit in the request
APP 2025/09/09 17:20:51 kafka_service.go:332: kafka-go: no messages received from kafka within the allocated time for partition 0 of new_orders at offset 0: [7] Request Timed Out: the request exceeded the user-specified time limit in the request
APP 2025/09/09 17:20:58 kafka_service.go:332: kafka-go: no messages received from kafka within the allocated time for partition 1 of new_orders at offset 1: [7] Request Timed Out: the request exceeded the user-specified time limit in the request
APP 2025/09/09 17:36:49 kafka_service.go:332: kafka-go: no messages received from kafka within the allocated time for partition 2 of new_orders at offset 0: [7] Request Timed Out: the request exceeded the user-specified time limit in the request
APP 2025/09/09 17:36:49 kafka_service.go:332: kafka-go: no messages received from kafka within the allocated time for partition 0 of new_orders at offset 0: [7] Request Timed Out: the request exceeded the user-specified time limit in the request
APP 2025/09/09 17:36:55 kafka_service.go:332: kafka-go: no messages received from kafka within the allocated time for partition 1 of new_orders at offset 1: [7] Request Timed Out: the request exceeded the user-specified time limit in the request
APP 2025/09/09 17:36:58 kafka_service.go:332: kafka-go: no messages received from kafka within the allocated time for partition 0 of new_orders at offset 0: [7] Request Timed Out: the request exceeded the user-specified time limit in the request
APP 2025/09/09 17:36:58 kafka_service.go:332: kafka-go: no messages received from kafka within the allocated time for partition 2 of new_orders at offset 0: [7] Request Timed Out: the request exceeded the user-specified time limit in the request
APP 2025/09/09 17:37:04 kafka_service.go:332: kafka-go: no messages received from kafka within the allocated time for partition 1 of new_orders at offset 1: [7] Request Timed Out: the request exceeded the user-specified time limit in the request
APP 2025/09/09 17:37:07 kafka_service.go:332: kafka-go: no messages received from kafka within the allocated time for partition 0 of new_orders at offset 0: [7] Request Timed Out: the request exceeded the user-specified time limit in the request
APP 2025/09/09 17:37:07 kafka_service.go:332: kafka-go: no messages received from kafka within the allocated time for partition 2 of new_orders at offset 0: [7] Request Timed Out: the request exceeded the user-specified time limit in the request
APP 2025/09/09 17:37:13 kafka_service.go:332: kafka-go: no messages received from kafka within the allocated time for partition 1 of new_orders at offset 1: [7] Request Timed Out: the request exceeded the user-specified time limit in the request
APP 2025/09/09 17:37:16 kafka_service.go:332: kafka-go: no messages received from kafka within the allocated time for partition 0 of new_orders at offset 0: [7] Request Timed Out: the request exceeded the user-specified time limit in the request
APP 2025/09/09 17:37:16 kafka_service.go:332: kafka-go: no messages received from kafka within the allocated time for partition 2 of new_orders at offset 0: [7] Request Timed Out: the request exceeded the user-specified time limit in the request
APP 2025/09/09 17:37:18 kafka_service.go:332: kafka-go: looking up offset of kafka reader for partition 1 of new_orders: 1
APP 2025/09/09 17:37:18 kafka_service.go:332: kafka-go: looking up offset of kafka reader for partition 2 of new_orders: first offset
APP 2025/09/09 17:37:18 kafka_service.go:332: kafka-go: looking up offset of kafka reader for partition 0 of new_orders: first offset
APP 2025/09/09 17:37:22 kafka_service.go:332: kafka-go: no messages received from kafka within the allocated time for partition 1 of new_orders at offset 1: [7] Request Timed Out: the request exceeded the user-specified time limit in the request
APP 2025/09/09 17:37:25 kafka_service.go:332: kafka-go: no messages received from kafka within the allocated time for partition 0 of new_orders at offset 0: [7] Request Timed Out: the request exceeded the user-specified time limit in the request
APP 2025/09/09 17:37:25 kafka_service.go:332: kafka-go: no messages received from kafka within the allocated time for partition 2 of new_orders at offset 0: [7] Request Timed Out: the request exceeded the user-specified time limit in the request
APP 2025/09/09 17:37:31 kafka_service.go:332: kafka-go: no messages received from kafka within the allocated time for partition 1 of new_orders at offset 1: [7] Request Timed Out: the request exceeded the user-specified time limit in the request
APP 2025/09/09 17:37:34 kafka_service.go:332: kafka-go: no messages received from kafka within the allocated time for partition 2 of new_orders at offset 0: [7] Request Timed Out: the request exceeded the user-specified time limit in the request
APP 2025/09/09 17:37:34 kafka_service.go:332: kafka-go: no messages received from kafka within the allocated time for partition 0 of new_orders at offset 0: [7] Request Timed Out: the request exceeded the user-specified time limit in the request
APP 2025/09/09 17:37:40 kafka_service.go:332: kafka-go: no messages received from kafka within the allocated time for partition 1 of new_orders at offset 1: [7] Request Timed Out: the request exceeded the user-specified time limit in the request
APP 2025/09/09 17:37:43 kafka_service.go:332: kafka-go: no messages received from kafka within the allocated time for partition 2 of new_orders at offset 0: [7] Request Timed Out: the request exceeded the user-specified time limit in the request
APP 2025/09/09 17:37:43 kafka_service.go:332: kafka-go: no messages received from kafka within the allocated time for partition 0 of new_orders at offset 0: [7] Request Timed Out: the request exceeded the user-specified time limit in the request
APP 2025/09/09 17:37:49 kafka_service.go:332: kafka-go: no messages received from kafka within the allocated time for partition 1 of new_orders at offset 1: [7] Request Timed Out: the request exceeded the user-specified time limit in the request
APP 2025/09/09 17:37:52 kafka_service.go:332: kafka-go: no messages received from kafka within the allocated time for partition 0 of new_orders at offset 0: [7] Request Timed Out: the request exceeded the user-specified time limit in the request
APP 2025/09/09 17:37:52 kafka_service.go:332: kafka-go: no messages received from kafka within the allocated time for partition 2 of new_orders at offset 0: [7] Request Timed Out: the request exceeded the user-specified time limit in the request
APP 2025/09/09 17:37:58 kafka_service.go:332: kafka-go: no messages received from kafka within the allocated time for partition 1 of new_orders at offset 1: [7] Request Timed Out: the request exceeded the user-specified time limit in the request
APP 2025/09/09 17:38:01 kafka_service.go:332: kafka-go: no messages received from kafka within the allocated time for partition 2 of new_orders at offset 0: [7] Request Timed Out: the request exceeded the user-specified time limit in the request
APP 2025/09/09 17:38:01 kafka_service.go:332: kafka-go: no messages received from kafka within the allocated time for partition 0 of new_orders at offset 0: [7] Request Timed Out: the request exceeded the user-specified time limit in the request
APP 2025/09/09 17:38:07 kafka_service.go:332: kafka-go: no messages received from kafka within the allocated time for partition 1 of new_orders at offset 1: [7] Request Timed Out: the request exceeded the user-specified time limit in the request
APP 2025/09/09 17:38:10 kafka_service.go:332: kafka-go: no messages received from kafka within the allocated time for partition 2 of new_orders at offset 0: [7] Request Timed Out: the request exceeded the user-specified time limit in the request
APP 2025/09/09 17:38:10 kafka_service.go:332: kafka-go: no messages received from kafka within the allocated time for partition 0 of new_orders at offset 0: [7] Request Timed Out: the request exceeded the user-specified time limit in the request
APP 2025/09/09 17:38:16 kafka_service.go:332: kafka-go: no messages received from kafka within the allocated time for partition 1 of new_orders at offset 1: [7] Request Timed Out: the request exceeded the user-specified time limit in the request
APP 2025/09/09 17:38:18 kafka_service.go:332: kafka-go: looking up offset of kafka reader for partition 2 of new_orders: first offset
APP 2025/09/09 17:38:18 kafka_service.go:332: kafka-go: looking up offset of kafka reader for partition 1 of new_orders: 1
APP 2025/09/09 17:38:18 kafka_service.go:332: kafka-go: looking up offset of kafka reader for partition 0 of new_orders: first offset
APP 2025/09/09 17:38:19 kafka_service.go:332: kafka-go: no messages received from kafka within the allocated time for partition 2 of new_orders at offset 0: [7] Request Timed Out: the request exceeded the user-specified time limit in the request
APP 2025/09/09 17:38:19 kafka_service.go:332: kafka-go: no messages received from kafka within the allocated time for partition 0 of new_orders at offset 0: [7] Request Timed Out: the request exceeded the user-specified time limit in the request
APP 2025/09/09 17:38:25 kafka_service.go:332: kafka-go: no messages received from kafka within the allocated time for partition 1 of new_orders at offset 1: [7] Request Timed Out: the request exceeded the user-specified time limit in the request
APP 2025/09/09 17:38:28 kafka_service.go:332: kafka-go: no messages received from kafka within the allocated time for partition 0 of new_orders at offset 0: [7] Request Timed Out: the request exceeded the user-specified time limit in the request
APP 2025/09/09 17:38:28 kafka_service.go:332: kafka-go: no messages received from kafka within the allocated time for partition 2 of new_orders at offset 0: [7] Request Timed Out: the request exceeded the user-specified time limit in the request
APP 2025/09/09 17:38:34 kafka_service.go:332: kafka-go: no messages received from kafka within the allocated time for partition 1 of new_orders at offset 1: [7] Request Timed Out: the request exceeded the user-specified time limit in the request
APP 2025/09/09 17:38:37 kafka_service.go:332: kafka-go: no messages received from kafka within the allocated time for partition 0 of new_orders at offset 0: [7] Request Timed Out: the request exceeded the user-specified time limit in the request
APP 2025/09/09 17:38:37 kafka_service.go:332: kafka-go: no messages received from kafka within the allocated time for partition 2 of new_orders at offset 0: [7] Request Timed Out: the request exceeded the user-specified time limit in the request
APP 2025/09/09 17:38:43 kafka_service.go:332: kafka-go: no messages received from kafka within the allocated time for partition 1 of new_orders at offset 1: [7] Request Timed Out: the request exceeded the user-specified time limit in the request
APP 2025/09/09 17:38:46 kafka_service.go:332: kafka-go: no messages received from kafka within the allocated time for partition 0 of new_orders at offset 0: [7] Request Timed Out: the request exceeded the user-specified time limit in the request
APP 2025/09/09 17:38:46 kafka_service.go:332: kafka-go: no messages received from kafka within the allocated time for partition 2 of new_orders at offset 0: [7] Request Timed Out: the request exceeded the user-specified time limit in the request
